Sector Name,Dummy,Percentage Allocation,Fund Type
Financial Services,,33.53%,Aggressive Hybrid Fund
Information Technology,,7.97%,Aggressive Hybrid Fund
Sovereign,,7.12%,Aggressive Hybrid Fund
Automobile and Auto Components,,6.93%,Aggressive Hybrid Fund
Healthcare,,6.92%,Aggressive Hybrid Fund
Financial Services,,38.14%,Aggressive Hybrid Fund
Sovereign,,7.93%,Aggressive Hybrid Fund
Information Technology,,7.88%,Aggressive Hybrid Fund
Chemicals,,7.21%,Aggressive Hybrid Fund
Consumer Services,,7.13%,Aggressive Hybrid Fund
Financial Services,,44.98%,Aggressive Hybrid Fund
Information Technology,,7.72%,Aggressive Hybrid Fund
Automobile and Auto Components,,7.23%,Aggressive Hybrid Fund
Consumer Durables,,4.89%,Aggressive Hybrid Fund
"Oil, Gas & Consumable Fuels",,4.31%,Aggressive Hybrid Fund
Financial Services,,33.89%,Aggressive Hybrid Fund
Capital Goods,,10.02%,Aggressive Hybrid Fund
Healthcare,,7.77%,Aggressive Hybrid Fund
Sovereign,,6.12%,Aggressive Hybrid Fund
Current Assets,,5.01%,Aggressive Hybrid Fund
Financial Services,,36.29%,Aggressive Hybrid Fund
Information Technology,,9.14%,Aggressive Hybrid Fund
"Oil, Gas & Consumable Fuels",,8.73%,Aggressive Hybrid Fund
Automobile and Auto Components,,7.24%,Aggressive Hybrid Fund
Capital Goods,,6.40%,Aggressive Hybrid Fund
Financial Services,,35.75%,Aggressive Hybrid Fund
Sovereign,,9.10%,Aggressive Hybrid Fund
Current Assets,,7.69%,Aggressive Hybrid Fund
Information Technology,,6.71%,Aggressive Hybrid Fund
Automobile and Auto Components,,5.89%,Aggressive Hybrid Fund
Financial Services,,41.60%,Aggressive Hybrid Fund
Capital Goods,,12.31%,Aggressive Hybrid Fund
Sovereign,,10.40%,Aggressive Hybrid Fund
Information Technology,,6.60%,Aggressive Hybrid Fund
Automobile and Auto Components,,5.63%,Aggressive Hybrid Fund
Financial Services,,25.92%,Aggressive Hybrid Fund
Mutual Funds,,9.09%,Aggressive Hybrid Fund
Sovereign,,8.40%,Aggressive Hybrid Fund
Information Technology,,7.35%,Aggressive Hybrid Fund
Current Assets,,6.77%,Aggressive Hybrid Fund
Financial Services,,37.42%,Aggressive Hybrid Fund
Sovereign,,9.29%,Aggressive Hybrid Fund
Information Technology,,7.89%,Aggressive Hybrid Fund
Capital Goods,,5.28%,Aggressive Hybrid Fund
"Oil, Gas & Consumable Fuels",,5.16%,Aggressive Hybrid Fund
Financial Services,,25.83%,Aggressive Hybrid Fund
Sovereign,,18.74%,Aggressive Hybrid Fund
Information Technology,,12.98%,Aggressive Hybrid Fund
Automobile and Auto Components,,9.70%,Aggressive Hybrid Fund
Construction Materials,,5.84%,Aggressive Hybrid Fund
Financial Services,,42.34%,Aggressive Hybrid Fund
Sovereign,,8.06%,Aggressive Hybrid Fund
Fast Moving Consumer Goods,,6.73%,Aggressive Hybrid Fund
Construction,,6.43%,Aggressive Hybrid Fund
"Oil, Gas & Consumable Fuels",,6.15%,Aggressive Hybrid Fund
Financial Services,,30.11%,Aggressive Hybrid Fund
Capital Goods,,17.43%,Aggressive Hybrid Fund
Sovereign,,11.43%,Aggressive Hybrid Fund
Information Technology,,9.06%,Aggressive Hybrid Fund
Automobile and Auto Components,,6.50%,Aggressive Hybrid Fund
Financial Services,,22.74%,Aggressive Hybrid Fund
Sovereign,,11.10%,Aggressive Hybrid Fund
Automobile and Auto Components,,9.81%,Aggressive Hybrid Fund
"Oil, Gas & Consumable Fuels",,9.48%,Aggressive Hybrid Fund
Power,,8.26%,Aggressive Hybrid Fund
Financial Services,,25.25%,Aggressive Hybrid Fund
Sovereign,,22.29%,Aggressive Hybrid Fund
Capital Goods,,8.08%,Aggressive Hybrid Fund
Automobile and Auto Components,,6.06%,Aggressive Hybrid Fund
Information Technology,,6.03%,Aggressive Hybrid Fund
Financial Services,,20.68%,Aggressive Hybrid Fund
Sovereign,,12.93%,Aggressive Hybrid Fund
Capital Goods,,9.27%,Aggressive Hybrid Fund
Automobile and Auto Components,,8.78%,Aggressive Hybrid Fund
Realty,,5.02%,Aggressive Hybrid Fund
Sovereign,,23.08%,Aggressive Hybrid Fund
Financial Services,,20.33%,Aggressive Hybrid Fund
Capital Goods,,8.47%,Aggressive Hybrid Fund
Information Technology,,6.09%,Aggressive Hybrid Fund
Automobile and Auto Components,,5.57%,Aggressive Hybrid Fund
Financial Services,,30.02%,Aggressive Hybrid Fund
Sovereign,,15.52%,Aggressive Hybrid Fund
Information Technology,,7.96%,Aggressive Hybrid Fund
Automobile and Auto Components,,6.63%,Aggressive Hybrid Fund
Capital Goods,,5.86%,Aggressive Hybrid Fund
Financial Services,,28.46%,Aggressive Hybrid Fund
Sovereign,,11.45%,Aggressive Hybrid Fund
Information Technology,,8.35%,Aggressive Hybrid Fund
Capital Goods,,6.64%,Aggressive Hybrid Fund
Fast Moving Consumer Goods,,6.04%,Aggressive Hybrid Fund
Financial Services,,38.29%,Aggressive Hybrid Fund
Sovereign,,8.30%,Aggressive Hybrid Fund
Information Technology,,6.41%,Aggressive Hybrid Fund
Automobile and Auto Components,,5.92%,Aggressive Hybrid Fund
"Oil, Gas & Consumable Fuels",,5.79%,Aggressive Hybrid Fund
Financial Services,,48.28%,Aggressive Hybrid Fund
Automobile and Auto Components,,11.81%,Aggressive Hybrid Fund
Consumer Services,,10.47%,Aggressive Hybrid Fund
Information Technology,,7.16%,Aggressive Hybrid Fund
Capital Goods,,5.83%,Aggressive Hybrid Fund
Financial Services,,29.19%,Aggressive Hybrid Fund
Capital Goods,,14.36%,Aggressive Hybrid Fund
Information Technology,,10.69%,Aggressive Hybrid Fund
Sovereign,,8.36%,Aggressive Hybrid Fund
Automobile and Auto Components,,6.91%,Aggressive Hybrid Fund
Financial Services,,34.92%,Aggressive Hybrid Fund
Healthcare,,6.93%,Aggressive Hybrid Fund
Information Technology,,6.58%,Aggressive Hybrid Fund
Automobile and Auto Components,,5.89%,Aggressive Hybrid Fund
"Oil, Gas & Consumable Fuels",,5.37%,Aggressive Hybrid Fund
Financial Services,,22.48%,Aggressive Hybrid Fund
Sovereign,,17.44%,Aggressive Hybrid Fund
Mutual Funds,,10.11%,Aggressive Hybrid Fund
"Oil, Gas & Consumable Fuels",,5.29%,Aggressive Hybrid Fund
Information Technology,,4.87%,Aggressive Hybrid Fund
"Oil, Gas & Consumable Fuels",,16.51%,Aggressive Hybrid Fund
Financial Services,,16.09%,Aggressive Hybrid Fund
Sovereign,,15.85%,Aggressive Hybrid Fund
Metals & Mining,,10.64%,Aggressive Hybrid Fund
Healthcare,,9.93%,Aggressive Hybrid Fund
Financial Services,,32.24%,Aggressive Hybrid Fund
Sovereign,,11.14%,Aggressive Hybrid Fund
Healthcare,,6.33%,Aggressive Hybrid Fund
Telecommunication,,5.85%,Aggressive Hybrid Fund
Services,,5.42%,Aggressive Hybrid Fund
Financial Services,,36.30%,Aggressive Hybrid Fund
"Oil, Gas & Consumable Fuels",,8.73%,Aggressive Hybrid Fund
Information Technology,,8.19%,Aggressive Hybrid Fund
Current Assets,,7.48%,Aggressive Hybrid Fund
Sovereign,,6.70%,Aggressive Hybrid Fund
Financial Services,,36.09%,Aggressive Hybrid Fund
Sovereign,,9.51%,Aggressive Hybrid Fund
Automobile and Auto Components,,7.41%,Aggressive Hybrid Fund
Information Technology,,6.12%,Aggressive Hybrid Fund
Fast Moving Consumer Goods,,6.09%,Aggressive Hybrid Fund
Financial Services,,34.09%,Aggressive Hybrid Fund
Fast Moving Consumer Goods,,9.38%,Aggressive Hybrid Fund
Information Technology,,8.12%,Aggressive Hybrid Fund
Sovereign,,7.89%,Aggressive Hybrid Fund
"Oil, Gas & Consumable Fuels",,7.25%,Aggressive Hybrid Fund
Financial Services,,42.83%,Aggressive Hybrid Fund
Information Technology,,9.27%,Aggressive Hybrid Fund
Automobile and Auto Components,,7.11%,Aggressive Hybrid Fund
Current Assets,,6.96%,Aggressive Hybrid Fund
Capital Goods,,5.02%,Aggressive Hybrid Fund
Financial Services,,33.58%,Aggressive Hybrid Fund
Sovereign,,14.44%,Aggressive Hybrid Fund
Automobile and Auto Components,,8.14%,Aggressive Hybrid Fund
Information Technology,,7.34%,Aggressive Hybrid Fund
"Oil, Gas & Consumable Fuels",,7.07%,Aggressive Hybrid Fund
Miscellaneous,,74.28%,Arbitrage Fund
Mutual Funds,,16.50%,Arbitrage Fund
Current Assets,,6.62%,Arbitrage Fund
Financial Services,,3.03%,Arbitrage Fund
Textiles,,-,Arbitrage Fund
Current Assets,,75.38%,Arbitrage Fund
Mutual Funds,,11.35%,Arbitrage Fund
Financial Services,,6.80%,Arbitrage Fund
Sovereign,,6.22%,Arbitrage Fund
Consumer Services,,0.67%,Arbitrage Fund
Financial Services,,43.41%,Balanced Hybrid Fund
Sovereign,,12.86%,Balanced Hybrid Fund
Power,,6.23%,Balanced Hybrid Fund
Information Technology,,6.03%,Balanced Hybrid Fund
Capital Goods,,5.60%,Balanced Hybrid Fund
Financial Services,,30.87%,Balanced Hybrid Fund
Sovereign,,24.64%,Balanced Hybrid Fund
Current Assets,,7.16%,Balanced Hybrid Fund
Power,,5.69%,Balanced Hybrid Fund
Information Technology,,5.00%,Balanced Hybrid Fund
Financial Services,,28.83%,Childrens Fund
Consumer Services,,9.66%,Childrens Fund
Capital Goods,,8.06%,Childrens Fund
Automobile and Auto Components,,7.50%,Childrens Fund
Information Technology,,5.64%,Childrens Fund
Financial Services,,27.56%,Childrens Fund
Sovereign,,17.93%,Childrens Fund
Information Technology,,7.95%,Childrens Fund
Automobile and Auto Components,,7.65%,Childrens Fund
Consumer Services,,6.84%,Childrens Fund
Financial Services,,26.01%,Childrens Fund
Sovereign,,20.37%,Childrens Fund
Capital Goods,,12.50%,Childrens Fund
Information Technology,,8.64%,Childrens Fund
Construction,,4.80%,Childrens Fund
Financial Services,,13.76%,Childrens Fund
Metals & Mining,,10.56%,Childrens Fund
Capital Goods,,10.05%,Childrens Fund
Construction Materials,,9.67%,Childrens Fund
Sovereign,,8.00%,Childrens Fund
Financial Services,,24.26%,Childrens Fund
Information Technology,,10.59%,Childrens Fund
Sovereign,,9.97%,Childrens Fund
Capital Goods,,8.78%,Childrens Fund
Fast Moving Consumer Goods,,6.75%,Childrens Fund
Financial Services,,32.04%,Childrens Fund
Current Assets,,13.37%,Childrens Fund
Fast Moving Consumer Goods,,12.95%,Childrens Fund
Services,,8.97%,Childrens Fund
Healthcare,,7.46%,Childrens Fund
Sovereign,,40.63%,Childrens Fund
Financial Services,,17.79%,Childrens Fund
Current Assets,,10.84%,Childrens Fund
Consumer Durables,,6.35%,Childrens Fund
Fast Moving Consumer Goods,,6.14%,Childrens Fund
Financial Services,,30.48%,Childrens Fund
Information Technology,,11.87%,Childrens Fund
Fast Moving Consumer Goods,,11.08%,Childrens Fund
Consumer Durables,,8.26%,Childrens Fund
"Oil, Gas & Consumable Fuels",,5.13%,Childrens Fund
Financial Services,,25.20%,Childrens Fund
Automobile and Auto Components,,12.98%,Childrens Fund
Information Technology,,10.47%,Childrens Fund
Current Assets,,8.08%,Childrens Fund
Capital Goods,,5.66%,Childrens Fund
Financial Services,,30.11%,Childrens Fund
Information Technology,,10.28%,Childrens Fund
Automobile and Auto Components,,10.08%,Childrens Fund
Consumer Services,,7.57%,Childrens Fund
Fast Moving Consumer Goods,,6.98%,Childrens Fund
Financial Services,,33.12%,Childrens Fund
Sovereign,,32.05%,Childrens Fund
Information Technology,,4.13%,Childrens Fund
Automobile and Auto Components,,4.06%,Childrens Fund
Current Assets,,3.94%,Childrens Fund
Financial Services,,31.92%,Contra Fund
Information Technology,,12.85%,Contra Fund
Automobile and Auto Components,,9.70%,Contra Fund
Healthcare,,7.67%,Contra Fund
Capital Goods,,7.64%,Contra Fund
Financial Services,,21.37%,Dividend Yield Fund
Information Technology,,14.46%,Dividend Yield Fund
"Oil, Gas & Consumable Fuels",,9.99%,Dividend Yield Fund
Fast Moving Consumer Goods,,8.80%,Dividend Yield Fund
Power,,8.76%,Dividend Yield Fund
Financial Services,,24.08%,Dividend Yield Fund
Information Technology,,11.31%,Dividend Yield Fund
"Oil, Gas & Consumable Fuels",,10.63%,Dividend Yield Fund
Power,,9.49%,Dividend Yield Fund
Capital Goods,,8.47%,Dividend Yield Fund
Financial Services,,23.48%,Dividend Yield Fund
Power,,13.15%,Dividend Yield Fund
"Oil, Gas & Consumable Fuels",,10.84%,Dividend Yield Fund
Current Assets,,7.85%,Dividend Yield Fund
Automobile and Auto Components,,6.63%,Dividend Yield Fund
Power,,18.82%,Dividend Yield Fund
Financial Services,,14.71%,Dividend Yield Fund
Information Technology,,13.19%,Dividend Yield Fund
Capital Goods,,11.54%,Dividend Yield Fund
Automobile and Auto Components,,10.13%,Dividend Yield Fund
Financial Services,,20.98%,Dividend Yield Fund
Information Technology,,15.68%,Dividend Yield Fund
Automobile and Auto Components,,12.28%,Dividend Yield Fund
Fast Moving Consumer Goods,,9.78%,Dividend Yield Fund
Capital Goods,,7.46%,Dividend Yield Fund
Financial Services,,26.37%,Dividend Yield Fund
Information Technology,,12.70%,Dividend Yield Fund
"Oil, Gas & Consumable Fuels",,10.45%,Dividend Yield Fund
Power,,7.99%,Dividend Yield Fund
Fast Moving Consumer Goods,,6.21%,Dividend Yield Fund
Financial Services,,26.35%,Dividend Yield Fund
Capital Goods,,16.18%,Dividend Yield Fund
Fast Moving Consumer Goods,,9.03%,Dividend Yield Fund
Current Assets,,8.91%,Dividend Yield Fund
Information Technology,,7.24%,Dividend Yield Fund
"Oil, Gas & Consumable Fuels",,24.16%,Dividend Yield Fund
Power,,17.30%,Dividend Yield Fund
Information Technology,,13.85%,Dividend Yield Fund
Fast Moving Consumer Goods,,8.37%,Dividend Yield Fund
Realty,,6.22%,Dividend Yield Fund
Financial Services,,21.63%,Dividend Yield Fund
Information Technology,,14.85%,Dividend Yield Fund
"Oil, Gas & Consumable Fuels",,11.29%,Dividend Yield Fund
Fast Moving Consumer Goods,,11.04%,Dividend Yield Fund
Healthcare,,8.73%,Dividend Yield Fund
Financial Services,,35.84%,Dynamic Asset Allocation or Balanced Advantage
Miscellaneous,,11.16%,Dynamic Asset Allocation or Balanced Advantage
Fast Moving Consumer Goods,,6.53%,Dynamic Asset Allocation or Balanced Advantage
Information Technology,,5.52%,Dynamic Asset Allocation or Balanced Advantage
Sovereign,,4.76%,Dynamic Asset Allocation or Balanced Advantage
Financial Services,,32.89%,Dynamic Asset Allocation or Balanced Advantage
Sovereign,,10.69%,Dynamic Asset Allocation or Balanced Advantage
Information Technology,,8.98%,Dynamic Asset Allocation or Balanced Advantage
Current Assets,,8.24%,Dynamic Asset Allocation or Balanced Advantage
Automobile and Auto Components,,6.49%,Dynamic Asset Allocation or Balanced Advantage
Financial Services,,28.11%,ELSS
Automobile and Auto Components,,10.30%,ELSS
Information Technology,,7.68%,ELSS
Healthcare,,7.40%,ELSS
Consumer Services,,7.03%,ELSS
Financial Services,,25.26%,ELSS
Consumer Services,,15.51%,ELSS
Information Technology,,10.65%,ELSS
Automobile and Auto Components,,9.74%,ELSS
Healthcare,,8.93%,ELSS
Financial Services,,28.25%,ELSS
Automobile and Auto Components,,9.59%,ELSS
Information Technology,,8.99%,ELSS
Healthcare,,6.65%,ELSS
Fast Moving Consumer Goods,,6.39%,ELSS
Financial Services,,39.37%,ELSS
Capital Goods,,8.57%,ELSS
Healthcare,,6.87%,ELSS
Automobile and Auto Components,,6.50%,ELSS
Information Technology,,5.66%,ELSS
Financial Services,,30.87%,ELSS
Information Technology,,12.02%,ELSS
Healthcare,,6.92%,ELSS
Consumer Services,,6.55%,ELSS
Automobile and Auto Components,,5.41%,ELSS
Financial Services,,30.68%,ELSS
Information Technology,,10.64%,ELSS
Automobile and Auto Components,,8.87%,ELSS
Capital Goods,,7.96%,ELSS
Fast Moving Consumer Goods,,7.33%,ELSS
Financial Services,,34.27%,ELSS
Healthcare,,8.96%,ELSS
Information Technology,,8.87%,ELSS
Automobile and Auto Components,,8.81%,ELSS
"Oil, Gas & Consumable Fuels",,7.59%,ELSS
Financial Services,,34.67%,ELSS
Information Technology,,11.10%,ELSS
Capital Goods,,7.82%,ELSS
Construction,,6.68%,ELSS
Fast Moving Consumer Goods,,6.30%,ELSS
Financial Services,,28.14%,ELSS
Information Technology,,9.69%,ELSS
Fast Moving Consumer Goods,,8.30%,ELSS
"Oil, Gas & Consumable Fuels",,7.41%,ELSS
Consumer Services,,6.08%,ELSS
Financial Services,,31.92%,ELSS
Information Technology,,13.73%,ELSS
Automobile and Auto Components,,12.66%,ELSS
Capital Goods,,8.67%,ELSS
Construction Materials,,6.20%,ELSS
Financial Services,,35.77%,ELSS
Healthcare,,12.34%,ELSS
Information Technology,,10.44%,ELSS
Power,,7.76%,ELSS
Capital Goods,,7.44%,ELSS
Financial Services,,27.52%,ELSS
Capital Goods,,18.12%,ELSS
Information Technology,,12.24%,ELSS
Automobile and Auto Components,,9.22%,ELSS
Construction,,5.69%,ELSS
Financial Services,,29.39%,ELSS
Consumer Durables,,9.76%,ELSS
Healthcare,,9.20%,ELSS
Information Technology,,7.74%,ELSS
Capital Goods,,6.59%,ELSS
Financial Services,,31.90%,ELSS
Healthcare,,10.21%,ELSS
Automobile and Auto Components,,10.13%,ELSS
Consumer Services,,8.24%,ELSS
Information Technology,,7.04%,ELSS
Financial Services,,28.72%,ELSS
Information Technology,,10.96%,ELSS
Capital Goods,,9.04%,ELSS
"Oil, Gas & Consumable Fuels",,7.27%,ELSS
Consumer Durables,,7.14%,ELSS
Financial Services,,20.62%,ELSS
Automobile and Auto Components,,10.22%,ELSS
Capital Goods,,10.20%,ELSS
Information Technology,,8.55%,ELSS
Consumer Services,,7.70%,ELSS
Financial Services,,29.07%,ELSS
Capital Goods,,12.43%,ELSS
Consumer Services,,9.53%,ELSS
Information Technology,,8.23%,ELSS
Fast Moving Consumer Goods,,6.76%,ELSS
Miscellaneous,,51.98%,Equity Savings
Financial Services,,15.46%,Equity Savings
Sovereign,,12.39%,Equity Savings
Mutual Funds,,6.57%,Equity Savings
Fast Moving Consumer Goods,,3.00%,Equity Savings
Current Assets,,37.52%,Equity Savings
Sovereign,,17.12%,Equity Savings
Financial Services,,14.87%,Equity Savings
Information Technology,,7.11%,Equity Savings
Automobile and Auto Components,,4.67%,Equity Savings
Miscellaneous,,49.62%,Equity Savings
Financial Services,,22.92%,Equity Savings
Mutual Funds,,8.74%,Equity Savings
Current Assets,,4.92%,Equity Savings
Information Technology,,2.10%,Equity Savings
Miscellaneous,,33.07%,Equity Savings
Financial Services,,22.01%,Equity Savings
Sovereign,,13.50%,Equity Savings
Current Assets,,5.28%,Equity Savings
Information Technology,,4.28%,Equity Savings
Miscellaneous,,35.11%,Equity Savings
Financial Services,,28.70%,Equity Savings
Sovereign,,14.03%,Equity Savings
Healthcare,,6.62%,Equity Savings
Current Assets,,3.86%,Equity Savings
Miscellaneous,,42.06%,Equity Savings
Current Assets,,19.55%,Equity Savings
Financial Services,,10.79%,Equity Savings
Sovereign,,7.36%,Equity Savings
Mutual Funds,,4.13%,Equity Savings
Miscellaneous,,48.69%,Equity Savings
Financial Services,,17.46%,Equity Savings
Sovereign,,14.50%,Equity Savings
Current Assets,,7.10%,Equity Savings
Information Technology,,2.16%,Equity Savings
Miscellaneous,,32.55%,Equity Savings
Financial Services,,20.74%,Equity Savings
Sovereign,,12.34%,Equity Savings
Current Assets,,4.33%,Equity Savings
"Oil, Gas & Consumable Fuels",,3.67%,Equity Savings
Miscellaneous,,27.81%,Equity Savings
Sovereign,,20.84%,Equity Savings
Financial Services,,13.04%,Equity Savings
Capital Goods,,8.34%,Equity Savings
Consumer Durables,,7.34%,Equity Savings
Miscellaneous,,58.20%,Equity Savings
Sovereign,,12.36%,Equity Savings
Financial Services,,8.19%,Equity Savings
Fast Moving Consumer Goods,,4.89%,Equity Savings
Current Assets,,4.77%,Equity Savings
Current Assets,,168.88%,Equity Savings
Mutual Funds,,16.74%,Equity Savings
Sovereign,,5.26%,Equity Savings
Capital Goods,,3.81%,Equity Savings
Consumer Services,,3.19%,Equity Savings
Miscellaneous,,33.51%,Equity Savings
Financial Services,,19.86%,Equity Savings
Mutual Funds,,10.79%,Equity Savings
Current Assets,,9.27%,Equity Savings
Fast Moving Consumer Goods,,5.03%,Equity Savings
Miscellaneous,,26.07%,Equity Savings
Current Assets,,20.34%,Equity Savings
Financial Services,,19.01%,Equity Savings
Mutual Funds,,11.31%,Equity Savings
Construction Materials,,4.87%,Equity Savings
Current Assets,,33.22%,Equity Savings
Financial Services,,16.55%,Equity Savings
Sovereign,,15.74%,Equity Savings
Capital Goods,,5.51%,Equity Savings
"Oil, Gas & Consumable Fuels",,4.98%,Equity Savings
Financial Services,,22.94%,Equity Savings
Sovereign,,16.60%,Equity Savings
Current Assets,,10.03%,Equity Savings
Information Technology,,6.25%,Equity Savings
"Oil, Gas & Consumable Fuels",,5.79%,Equity Savings
Miscellaneous,,52.89%,Equity Savings
Financial Services,,13.01%,Equity Savings
Sovereign,,12.95%,Equity Savings
Current Assets,,6.50%,Equity Savings
Information Technology,,2.19%,Equity Savings
Current Assets,,62.78%,Equity Savings
Sovereign,,20.48%,Equity Savings
Financial Services,,5.70%,Equity Savings
Information Technology,,2.07%,Equity Savings
"Oil, Gas & Consumable Fuels",,1.31%,Equity Savings
Miscellaneous,,30.02%,Equity Savings
Financial Services,,21.05%,Equity Savings
Sovereign,,9.26%,Equity Savings
Current Assets,,5.59%,Equity Savings
Services,,4.56%,Equity Savings
Miscellaneous,,32.67%,Equity Savings
Financial Services,,18.27%,Equity Savings
Current Assets,,11.13%,Equity Savings
Sovereign,,10.86%,Equity Savings
Healthcare,,4.95%,Equity Savings
Miscellaneous,,38.19%,Equity Savings
Financial Services,,10.55%,Equity Savings
Current Assets,,10.03%,Equity Savings
Sovereign,,8.93%,Equity Savings
Power,,6.40%,Equity Savings
Miscellaneous,,32.62%,Equity Savings
Sovereign,,20.61%,Equity Savings
Financial Services,,16.23%,Equity Savings
Current Assets,,7.50%,Equity Savings
Information Technology,,4.49%,Equity Savings
Miscellaneous,,37.15%,Equity Savings
Financial Services,,19.55%,Equity Savings
Sovereign,,16.88%,Equity Savings
"Oil, Gas & Consumable Fuels",,4.31%,Equity Savings
Current Assets,,4.09%,Equity Savings
Automobile and Auto Components,,19.40%,ETFs - Others
Healthcare,,18.33%,ETFs - Others
Capital Goods,,17.95%,ETFs - Others
Financial Services,,12.61%,ETFs - Others
Consumer Services,,5.02%,ETFs - Others
Fast Moving Consumer Goods,,29.10%,ETFs - Others
Information Technology,,25.99%,ETFs - Others
Consumer Durables,,8.92%,ETFs - Others
Automobile and Auto Components,,6.80%,ETFs - Others
"Oil, Gas & Consumable Fuels",,6.62%,ETFs - Others
Financial Services,,35.24%,ETFs - Others
Information Technology,,13.61%,ETFs - Others
"Oil, Gas & Consumable Fuels",,11.39%,ETFs - Others
Fast Moving Consumer Goods,,9.16%,ETFs - Others
Automobile and Auto Components,,6.48%,ETFs - Others
Financial Services,,99.99%,ETFs - Others
Current Assets,,0.01%,ETFs - Others
Healthcare,,99.80%,ETFs - Others
Current Assets,,0.20%,ETFs - Others
Information Technology,,99.97%,ETFs - Others
Current Assets,,0.03%,ETFs - Others
Financial Services,,20.30%,ETFs - Others
Fast Moving Consumer Goods,,12.66%,ETFs - Others
Consumer Services,,11.61%,ETFs - Others
Capital Goods,,11.12%,ETFs - Others
Chemicals,,6.57%,ETFs - Others
Financial Services,,39.11%,ETFs - Others
Information Technology,,15.03%,ETFs - Others
"Oil, Gas & Consumable Fuels",,10.81%,ETFs - Others
Fast Moving Consumer Goods,,8.99%,ETFs - Others
Automobile and Auto Components,,5.36%,ETFs - Others
Financial Services,,35.12%,ETFs - Others
Information Technology,,13.62%,ETFs - Others
"Oil, Gas & Consumable Fuels",,11.40%,ETFs - Others
Fast Moving Consumer Goods,,9.17%,ETFs - Others
Automobile and Auto Components,,6.47%,ETFs - Others
Financial Services,,99.80%,ETFs - Others
Current Assets,,0.20%,ETFs - Others
Healthcare,,99.81%,ETFs - Others
Current Assets,,0.19%,ETFs - Others
Fast Moving Consumer Goods,,37.63%,ETFs - Others
Automobile and Auto Components,,19.30%,ETFs - Others
Consumer Durables,,13.77%,ETFs - Others
Telecommunication,,10.10%,ETFs - Others
Consumer Services,,8.35%,ETFs - Others
Information Technology,,99.80%,ETFs - Others
Current Assets,,0.20%,ETFs - Others
Financial Services,,38.94%,ETFs - Others
Information Technology,,15.06%,ETFs - Others
"Oil, Gas & Consumable Fuels",,10.83%,ETFs - Others
Fast Moving Consumer Goods,,9.00%,ETFs - Others
Automobile and Auto Components,,5.36%,ETFs - Others
Financial Services,,35.25%,ETFs - Others
Information Technology,,13.62%,ETFs - Others
"Oil, Gas & Consumable Fuels",,11.40%,ETFs - Others
Fast Moving Consumer Goods,,9.17%,ETFs - Others
Automobile and Auto Components,,6.48%,ETFs - Others
Financial Services,,38.93%,ETFs - Others
Information Technology,,14.75%,ETFs - Others
"Oil, Gas & Consumable Fuels",,10.81%,ETFs - Others
Fast Moving Consumer Goods,,9.09%,ETFs - Others
Automobile and Auto Components,,5.40%,ETFs - Others
Financial Services,,71.44%,ETFs - Others
"Oil, Gas & Consumable Fuels",,19.15%,ETFs - Others
Power,,5.28%,ETFs - Others
Miscellaneous,,3.09%,ETFs - Others
Sovereign,,0.89%,ETFs - Others
Financial Services,,42.29%,ETFs - Others
Power,,15.04%,ETFs - Others
"Oil, Gas & Consumable Fuels",,14.88%,ETFs - Others
Sovereign,,11.14%,ETFs - Others
Construction,,11.02%,ETFs - Others
Financial Services,,42.27%,ETFs - Others
Power,,17.92%,ETFs - Others
Sovereign,,12.62%,ETFs - Others
"Oil, Gas & Consumable Fuels",,11.67%,ETFs - Others
Construction,,7.36%,ETFs - Others
Financial Services,,45.93%,ETFs - Others
"Oil, Gas & Consumable Fuels",,16.34%,ETFs - Others
Sovereign,,13.06%,ETFs - Others
Power,,12.89%,ETFs - Others
Construction,,7.40%,ETFs - Others
Financial Services,,58.45%,ETFs - Others
Power,,17.89%,ETFs - Others
Sovereign,,13.44%,ETFs - Others
"Oil, Gas & Consumable Fuels",,7.54%,ETFs - Others
Miscellaneous,,2.62%,ETFs - Others
Power,,46.29%,ETFs - Others
"Oil, Gas & Consumable Fuels",,37.63%,ETFs - Others
Capital Goods,,14.88%,ETFs - Others
Construction,,1.17%,ETFs - Others
Current Assets,,0.03%,ETFs - Others
Financial Services,,19.86%,ETFs - Others
Automobile and Auto Components,,12.18%,ETFs - Others
Information Technology,,11.75%,ETFs - Others
Fast Moving Consumer Goods,,10.14%,ETFs - Others
Healthcare,,9.91%,ETFs - Others
Financial Services,,99.87%,ETFs - Others
Current Assets,,0.13%,ETFs - Others
Information Technology,,99.91%,ETFs - Others
Current Assets,,0.09%,ETFs - Others
Information Technology,,16.52%,ETFs - Others
Capital Goods,,16.14%,ETFs - Others
Financial Services,,13.00%,ETFs - Others
Chemicals,,11.40%,ETFs - Others
Healthcare,,8.34%,ETFs - Others
Financial Services,,100.05%,ETFs - Others
Current Assets,,-0.05%,ETFs - Others
Financial Services,,100.54%,ETFs - Others
Current Assets,,-0.54%,ETFs - Others
Financial Services,,36.68%,ETFs - Others
Information Technology,,14.10%,ETFs - Others
"Oil, Gas & Consumable Fuels",,10.14%,ETFs - Others
Fast Moving Consumer Goods,,8.42%,ETFs - Others
Current Assets,,6.27%,ETFs - Others
Financial Services,,32.66%,ETFs - Others
Information Technology,,11.39%,ETFs - Others
"Oil, Gas & Consumable Fuels",,10.58%,ETFs - Others
Fast Moving Consumer Goods,,9.89%,ETFs - Others
Automobile and Auto Components,,6.44%,ETFs - Others
Financial Services,,35.26%,ETFs - Others
Information Technology,,13.62%,ETFs - Others
"Oil, Gas & Consumable Fuels",,11.40%,ETFs - Others
Fast Moving Consumer Goods,,9.16%,ETFs - Others
Automobile and Auto Components,,6.48%,ETFs - Others
Financial Services,,100.00%,ETFs - Others
Current Assets,,-,ETFs - Others
Information Technology,,39.80%,ETFs - Others
Fast Moving Consumer Goods,,31.79%,ETFs - Others
Automobile and Auto Components,,10.98%,ETFs - Others
Healthcare,,9.22%,ETFs - Others
Consumer Durables,,7.02%,ETFs - Others
Information Technology,,99.99%,ETFs - Others
Current Assets,,0.01%,ETFs - Others
Financial Services,,22.06%,ETFs - Others
Capital Goods,,13.32%,ETFs - Others
Healthcare,,10.88%,ETFs - Others
Automobile and Auto Components,,7.27%,ETFs - Others
Information Technology,,6.86%,ETFs - Others
Financial Services,,20.33%,ETFs - Others
Fast Moving Consumer Goods,,12.68%,ETFs - Others
Consumer Services,,11.63%,ETFs - Others
Capital Goods,,11.14%,ETFs - Others
Chemicals,,6.58%,ETFs - Others
Financial Services,,100.00%,ETFs - Others
Current Assets,,-,ETFs - Others
Financial Services,,23.11%,ETFs - Others
Capital Goods,,15.40%,ETFs - Others
Healthcare,,9.67%,ETFs - Others
Information Technology,,6.70%,ETFs - Others
Chemicals,,5.51%,ETFs - Others
Fast Moving Consumer Goods,,24.70%,ETFs - Others
Financial Services,,14.51%,ETFs - Others
Healthcare,,13.13%,ETFs - Others
Information Technology,,9.98%,ETFs - Others
Automobile and Auto Components,,8.82%,ETFs - Others
Fast Moving Consumer Goods,,29.64%,ETFs - Others
Information Technology,,23.56%,ETFs - Others
Automobile and Auto Components,,14.08%,ETFs - Others
Consumer Durables,,8.49%,ETFs - Others
Financial Services,,6.24%,ETFs - Others
Automobile and Auto Components,,19.43%,ETFs - Others
Healthcare,,18.36%,ETFs - Others
Capital Goods,,17.98%,ETFs - Others
Financial Services,,12.63%,ETFs - Others
Consumer Services,,5.02%,ETFs - Others
Information Technology,,35.44%,ETFs - Others
Financial Services,,22.29%,ETFs - Others
Fast Moving Consumer Goods,,14.19%,ETFs - Others
Power,,7.69%,ETFs - Others
Metals & Mining,,6.10%,ETFs - Others
Financial Services,,29.65%,ETFs - Others
Information Technology,,10.20%,ETFs - Others
"Oil, Gas & Consumable Fuels",,8.67%,ETFs - Others
Fast Moving Consumer Goods,,8.01%,ETFs - Others
Automobile and Auto Components,,6.47%,ETFs - Others
Financial Services,,39.13%,ETFs - Others
Information Technology,,15.04%,ETFs - Others
"Oil, Gas & Consumable Fuels",,10.81%,ETFs - Others
Fast Moving Consumer Goods,,9.00%,ETFs - Others
Automobile and Auto Components,,5.36%,ETFs - Others
Power,,21.55%,ETFs - Others
"Oil, Gas & Consumable Fuels",,19.90%,ETFs - Others
Financial Services,,18.17%,ETFs - Others
Construction,,17.34%,ETFs - Others
Fast Moving Consumer Goods,,11.93%,ETFs - Others
Financial Services,,32.67%,ETFs - Others
Information Technology,,11.40%,ETFs - Others
"Oil, Gas & Consumable Fuels",,10.59%,ETFs - Others
Fast Moving Consumer Goods,,9.88%,ETFs - Others
Automobile and Auto Components,,6.43%,ETFs - Others
Fast Moving Consumer Goods,,24.72%,ETFs - Others
Financial Services,,14.51%,ETFs - Others
Healthcare,,13.14%,ETFs - Others
Information Technology,,9.98%,ETFs - Others
Automobile and Auto Components,,8.82%,ETFs - Others
Automobile and Auto Components,,19.43%,ETFs - Others
Healthcare,,18.36%,ETFs - Others
Capital Goods,,17.98%,ETFs - Others
Financial Services,,12.63%,ETFs - Others
Consumer Services,,5.02%,ETFs - Others
Fast Moving Consumer Goods,,29.18%,ETFs - Others
Information Technology,,26.07%,ETFs - Others
Consumer Durables,,8.95%,ETFs - Others
Automobile and Auto Components,,6.82%,ETFs - Others
"Oil, Gas & Consumable Fuels",,6.64%,ETFs - Others
Financial Services,,35.26%,ETFs - Others
Information Technology,,13.62%,ETFs - Others
"Oil, Gas & Consumable Fuels",,11.40%,ETFs - Others
Fast Moving Consumer Goods,,9.16%,ETFs - Others
Automobile and Auto Components,,6.48%,ETFs - Others
Fast Moving Consumer Goods,,21.80%,ETFs - Others
Healthcare,,17.72%,ETFs - Others
Automobile and Auto Components,,17.48%,ETFs - Others
"Oil, Gas & Consumable Fuels",,9.32%,ETFs - Others
Construction Materials,,7.05%,ETFs - Others
Automobile and Auto Components,,93.38%,ETFs - Others
Capital Goods,,6.62%,ETFs - Others
Current Assets,,0.01%,ETFs - Others
Financial Services,,100.00%,ETFs - Others
Current Assets,,-,ETFs - Others
"Oil, Gas & Consumable Fuels",,26.96%,ETFs - Others
Metals & Mining,,22.30%,ETFs - Others
Power,,19.01%,ETFs - Others
Construction Materials,,18.97%,ETFs - Others
Chemicals,,11.10%,ETFs - Others
Financial Services,,99.99%,ETFs - Others
Current Assets,,0.01%,ETFs - Others
Fast Moving Consumer Goods,,99.99%,ETFs - Others
Current Assets,,0.01%,ETFs - Others
Healthcare,,99.99%,ETFs - Others
Current Assets,,0.01%,ETFs - Others
Fast Moving Consumer Goods,,37.76%,ETFs - Others
Automobile and Auto Components,,19.29%,ETFs - Others
Consumer Durables,,13.76%,ETFs - Others
Telecommunication,,10.10%,ETFs - Others
Consumer Services,,8.35%,ETFs - Others
"Oil, Gas & Consumable Fuels",,30.00%,ETFs - Others
Construction,,16.64%,ETFs - Others
Power,,12.46%,ETFs - Others
Construction Materials,,11.75%,ETFs - Others
Telecommunication,,10.42%,ETFs - Others
Information Technology,,99.99%,ETFs - Others
Current Assets,,0.01%,ETFs - Others
Financial Services,,22.15%,ETFs - Others
Capital Goods,,13.32%,ETFs - Others
Healthcare,,10.87%,ETFs - Others
Automobile and Auto Components,,7.25%,ETFs - Others
Information Technology,,6.86%,ETFs - Others
Financial Services,,20.33%,ETFs - Others
Fast Moving Consumer Goods,,12.68%,ETFs - Others
Consumer Services,,11.63%,ETFs - Others
Capital Goods,,11.14%,ETFs - Others
Chemicals,,6.57%,ETFs - Others
Financial Services,,99.99%,ETFs - Others
Current Assets,,0.01%,ETFs - Others
Financial Services,,99.99%,ETFs - Others
Current Assets,,0.01%,ETFs - Others
Information Technology,,35.44%,ETFs - Others
Financial Services,,22.29%,ETFs - Others
Fast Moving Consumer Goods,,14.19%,ETFs - Others
Power,,7.69%,ETFs - Others
Metals & Mining,,6.10%,ETFs - Others
Financial Services,,29.69%,ETFs - Others
Information Technology,,10.19%,ETFs - Others
"Oil, Gas & Consumable Fuels",,8.67%,ETFs - Others
Fast Moving Consumer Goods,,8.01%,ETFs - Others
Automobile and Auto Components,,6.47%,ETFs - Others
Financial Services,,26.62%,ETFs - Others
Capital Goods,,16.24%,ETFs - Others
Automobile and Auto Components,,11.41%,ETFs - Others
Consumer Services,,10.49%,ETFs - Others
Information Technology,,8.90%,ETFs - Others
Financial Services,,39.13%,ETFs - Others
Information Technology,,15.04%,ETFs - Others
"Oil, Gas & Consumable Fuels",,10.81%,ETFs - Others
Fast Moving Consumer Goods,,8.99%,ETFs - Others
Automobile and Auto Components,,5.36%,ETFs - Others
Financial Services,,35.26%,ETFs - Others
Information Technology,,13.62%,ETFs - Others
"Oil, Gas & Consumable Fuels",,11.40%,ETFs - Others
Fast Moving Consumer Goods,,9.16%,ETFs - Others
Automobile and Auto Components,,6.48%,ETFs - Others
Fast Moving Consumer Goods,,24.71%,ETFs - Others
Financial Services,,14.50%,ETFs - Others
Healthcare,,13.14%,ETFs - Others
Information Technology,,9.98%,ETFs - Others
Automobile and Auto Components,,8.82%,ETFs - Others
Financial Services,,35.26%,ETFs - Others
Information Technology,,13.62%,ETFs - Others
"Oil, Gas & Consumable Fuels",,11.40%,ETFs - Others
Fast Moving Consumer Goods,,9.16%,ETFs - Others
Automobile and Auto Components,,6.48%,ETFs - Others
Financial Services,,36.78%,ETFs - Others
Capital Goods,,29.69%,ETFs - Others
Information Technology,,7.86%,ETFs - Others
Healthcare,,6.43%,ETFs - Others
Construction,,5.19%,ETFs - Others
Financial Services,,99.99%,ETFs - Others
Current Assets,,0.01%,ETFs - Others
Fast Moving Consumer Goods,,37.87%,ETFs - Others
Automobile and Auto Components,,19.29%,ETFs - Others
Consumer Durables,,13.75%,ETFs - Others
Telecommunication,,10.09%,ETFs - Others
Consumer Services,,8.32%,ETFs - Others
Information Technology,,99.96%,ETFs - Others
Current Assets,,0.04%,ETFs - Others
Financial Services,,28.49%,ETFs - Others
Capital Goods,,12.24%,ETFs - Others
Information Technology,,10.61%,ETFs - Others
Healthcare,,9.61%,ETFs - Others
"Oil, Gas & Consumable Fuels",,5.56%,ETFs - Others
Fast Moving Consumer Goods,,41.10%,ETFs - Others
Capital Goods,,20.08%,ETFs - Others
Automobile and Auto Components,,14.00%,ETFs - Others
Construction Materials,,5.02%,ETFs - Others
Metals & Mining,,4.54%,ETFs - Others
Financial Services,,99.99%,ETFs - Others
Current Assets,,0.01%,ETFs - Others
Financial Services,,39.12%,ETFs - Others
Information Technology,,15.04%,ETFs - Others
"Oil, Gas & Consumable Fuels",,10.81%,ETFs - Others
Fast Moving Consumer Goods,,8.99%,ETFs - Others
Automobile and Auto Components,,5.36%,ETFs - Others
Financial Services,,32.68%,ETFs - Others
Information Technology,,11.42%,ETFs - Others
"Oil, Gas & Consumable Fuels",,10.59%,ETFs - Others
Fast Moving Consumer Goods,,9.88%,ETFs - Others
Automobile and Auto Components,,6.43%,ETFs - Others
Financial Services,,35.17%,ETFs - Others
Information Technology,,13.62%,ETFs - Others
"Oil, Gas & Consumable Fuels",,11.42%,ETFs - Others
Fast Moving Consumer Goods,,9.17%,ETFs - Others
Automobile and Auto Components,,6.46%,ETFs - Others
Financial Services,,39.06%,ETFs - Others
Information Technology,,15.05%,ETFs - Others
"Oil, Gas & Consumable Fuels",,10.83%,ETFs - Others
Fast Moving Consumer Goods,,9.01%,ETFs - Others
Automobile and Auto Components,,5.36%,ETFs - Others
Information Technology,,32.97%,ETFs - Others
Consumer Services,,19.52%,ETFs - Others
Consumer Durables,,13.98%,ETFs - Others
Automobile and Auto Components,,11.65%,ETFs - Others
Services,,8.74%,ETFs - Others
Financial Services,,30.77%,ETFs - Others
Information Technology,,14.14%,ETFs - Others
"Oil, Gas & Consumable Fuels",,10.87%,ETFs - Others
Automobile and Auto Components,,6.60%,ETFs - Others
Fast Moving Consumer Goods,,5.86%,ETFs - Others
Fast Moving Consumer Goods,,24.70%,ETFs - Others
Financial Services,,14.51%,ETFs - Others
Healthcare,,13.14%,ETFs - Others
Information Technology,,9.98%,ETFs - Others
Automobile and Auto Components,,8.82%,ETFs - Others
Capital Goods,,22.03%,ETFs - Others
Financial Services,,21.56%,ETFs - Others
Healthcare,,14.85%,ETFs - Others
Automobile and Auto Components,,13.40%,ETFs - Others
Realty,,5.77%,ETFs - Others
Financial Services,,35.27%,ETFs - Others
Information Technology,,13.62%,ETFs - Others
"Oil, Gas & Consumable Fuels",,11.40%,ETFs - Others
Fast Moving Consumer Goods,,9.16%,ETFs - Others
Automobile and Auto Components,,6.48%,ETFs - Others
Financial Services,,100.01%,ETFs - Others
Current Assets,,-0.01%,ETFs - Others
Financial Services,,100.01%,ETFs - Others
Current Assets,,-0.01%,ETFs - Others
Automobile and Auto Components,,29.81%,ETFs - Others
Capital Goods,,19.63%,ETFs - Others
Healthcare,,14.88%,ETFs - Others
Metals & Mining,,12.89%,ETFs - Others
Chemicals,,8.67%,ETFs - Others
Information Technology,,99.99%,ETFs - Others
Current Assets,,0.01%,ETFs - Others
Financial Services,,22.15%,ETFs - Others
Capital Goods,,13.33%,ETFs - Others
Healthcare,,10.88%,ETFs - Others
Automobile and Auto Components,,7.25%,ETFs - Others
Information Technology,,6.87%,ETFs - Others
Financial Services,,20.33%,ETFs - Others
Fast Moving Consumer Goods,,12.68%,ETFs - Others
Consumer Services,,11.63%,ETFs - Others
Capital Goods,,11.14%,ETFs - Others
Chemicals,,6.58%,ETFs - Others
Information Technology,,40.13%,ETFs - Others
Services,,10.30%,ETFs - Others
Automobile and Auto Components,,10.15%,ETFs - Others
Telecommunication,,10.01%,ETFs - Others
Consumer Services,,9.98%,ETFs - Others
Information Technology,,28.71%,ETFs - Others
Consumer Durables,,12.49%,ETFs - Others
Financial Services,,12.45%,ETFs - Others
Consumer Services,,9.38%,ETFs - Others
Healthcare,,9.12%,ETFs - Others
Financial Services,,39.13%,ETFs - Others
Information Technology,,15.04%,ETFs - Others
"Oil, Gas & Consumable Fuels",,10.81%,ETFs - Others
Fast Moving Consumer Goods,,8.98%,ETFs - Others
Automobile and Auto Components,,5.36%,ETFs - Others
Information Technology,,37.92%,ETFs - Others
Services,,11.24%,ETFs - Others
Consumer Durables,,9.21%,ETFs - Others
Consumer Services,,9.06%,ETFs - Others
Healthcare,,6.85%,ETFs - Others
Information Technology,,31.91%,ETFs - Others
Healthcare,,20.28%,ETFs - Others
Capital Goods,,15.85%,ETFs - Others
Consumer Services,,6.92%,ETFs - Others
"Media, Entertainment & Publication",,4.78%,ETFs - Others
Automobile and Auto Components,,19.43%,ETFs - Others
Healthcare,,18.37%,ETFs - Others
Capital Goods,,17.99%,ETFs - Others
Financial Services,,12.63%,ETFs - Others
Consumer Services,,5.03%,ETFs - Others
Financial Services,,35.26%,ETFs - Others
Information Technology,,13.62%,ETFs - Others
"Oil, Gas & Consumable Fuels",,11.40%,ETFs - Others
Fast Moving Consumer Goods,,9.16%,ETFs - Others
Automobile and Auto Components,,6.48%,ETFs - Others
Financial Services,,24.51%,ETFs - Others
Healthcare,,11.86%,ETFs - Others
Capital Goods,,11.44%,ETFs - Others
Information Technology,,8.08%,ETFs - Others
Automobile and Auto Components,,6.50%,ETFs - Others
Financial Services,,33.96%,ETFs - Others
"Oil, Gas & Consumable Fuels",,33.73%,ETFs - Others
Metals & Mining,,22.95%,ETFs - Others
Power,,8.41%,ETFs - Others
Consumer Durables,,0.81%,ETFs - Others
Healthcare,,99.94%,ETFs - Others
Current Assets,,0.06%,ETFs - Others
Healthcare,,21.28%,ETFs - Others
Fast Moving Consumer Goods,,20.18%,ETFs - Others
Automobile and Auto Components,,10.28%,ETFs - Others
Financial Services,,9.52%,ETFs - Others
Information Technology,,8.98%,ETFs - Others
Fast Moving Consumer Goods,,19.57%,ETFs - Others
Capital Goods,,14.97%,ETFs - Others
"Oil, Gas & Consumable Fuels",,13.58%,ETFs - Others
Information Technology,,12.51%,ETFs - Others
Financial Services,,8.33%,ETFs - Others
Financial Services,,34.86%,ETFs - Others
Information Technology,,13.62%,ETFs - Others
"Oil, Gas & Consumable Fuels",,11.34%,ETFs - Others
Fast Moving Consumer Goods,,9.05%,ETFs - Others
Automobile and Auto Components,,6.41%,ETFs - Others
Financial Services,,46.65%,ETFs - Others
Consumer Services,,11.77%,ETFs - Others
Services,,5.33%,ETFs - Others
"Oil, Gas & Consumable Fuels",,4.83%,ETFs - Others
Automobile and Auto Components,,4.54%,ETFs - Others
Financial Services,,32.63%,ETFs - Others
Information Technology,,11.38%,ETFs - Others
"Oil, Gas & Consumable Fuels",,10.57%,ETFs - Others
Fast Moving Consumer Goods,,9.87%,ETFs - Others
Automobile and Auto Components,,6.42%,ETFs - Others
Financial Services,,35.26%,ETFs - Others
Information Technology,,13.62%,ETFs - Others
"Oil, Gas & Consumable Fuels",,11.40%,ETFs - Others
Fast Moving Consumer Goods,,9.16%,ETFs - Others
Automobile and Auto Components,,6.48%,ETFs - Others
Information Technology,,47.35%,ETFs - Others
Fast Moving Consumer Goods,,14.58%,ETFs - Others
Healthcare,,8.90%,ETFs - Others
Construction Materials,,7.32%,ETFs - Others
Metals & Mining,,6.88%,ETFs - Others
Information Technology,,35.41%,ETFs - Others
Financial Services,,22.27%,ETFs - Others
Fast Moving Consumer Goods,,14.18%,ETFs - Others
Power,,7.68%,ETFs - Others
Metals & Mining,,6.10%,ETFs - Others
Financial Services,,99.95%,ETFs - Others
Current Assets,,0.05%,ETFs - Others
Information Technology,,27.99%,ETFs - Others
Fast Moving Consumer Goods,,20.79%,ETFs - Others
Financial Services,,11.50%,ETFs - Others
"Oil, Gas & Consumable Fuels",,11.30%,ETFs - Others
Power,,8.86%,ETFs - Others
Fast Moving Consumer Goods,,37.74%,ETFs - Others
Automobile and Auto Components,,19.27%,ETFs - Others
Consumer Durables,,13.74%,ETFs - Others
Telecommunication,,10.09%,ETFs - Others
Consumer Services,,8.34%,ETFs - Others
"Oil, Gas & Consumable Fuels",,29.93%,ETFs - Others
Construction,,16.60%,ETFs - Others
Power,,12.43%,ETFs - Others
Construction Materials,,11.71%,ETFs - Others
Telecommunication,,10.40%,ETFs - Others
Information Technology,,99.95%,ETFs - Others
Current Assets,,0.05%,ETFs - Others
Miscellaneous,,-,ETFs - Others
Financial Services,,22.14%,ETFs - Others
Capital Goods,,13.32%,ETFs - Others
Healthcare,,10.87%,ETFs - Others
Automobile and Auto Components,,7.25%,ETFs - Others
Information Technology,,6.86%,ETFs - Others
Financial Services,,20.32%,ETFs - Others
Fast Moving Consumer Goods,,12.68%,ETFs - Others
Consumer Services,,11.63%,ETFs - Others
Capital Goods,,11.14%,ETFs - Others
Chemicals,,6.57%,ETFs - Others
Financial Services,,99.95%,ETFs - Others
Current Assets,,0.05%,ETFs - Others
Miscellaneous,,0.01%,ETFs - Others
Sovereign,,97.16%,ETFs - Others
Current Assets,,2.83%,ETFs - Others
Miscellaneous,,-,ETFs - Others
Financial Services,,23.72%,ETFs - Others
Consumer Services,,16.58%,ETFs - Others
Fast Moving Consumer Goods,,11.76%,ETFs - Others
Capital Goods,,9.03%,ETFs - Others
Chemicals,,6.98%,ETFs - Others
Financial Services,,39.12%,ETFs - Others
Information Technology,,15.04%,ETFs - Others
"Oil, Gas & Consumable Fuels",,10.81%,ETFs - Others
Fast Moving Consumer Goods,,8.98%,ETFs - Others
Automobile and Auto Components,,5.36%,ETFs - Others
Automobile and Auto Components,,93.31%,ETFs - Others
Capital Goods,,6.61%,ETFs - Others
Current Assets,,0.08%,ETFs - Others
Miscellaneous,,-,ETFs - Others
Healthcare,,99.98%,ETFs - Others
Current Assets,,0.02%,ETFs - Others
Financial Services,,35.27%,ETFs - Others
Information Technology,,13.62%,ETFs - Others
"Oil, Gas & Consumable Fuels",,11.40%,ETFs - Others
Fast Moving Consumer Goods,,9.17%,ETFs - Others
Automobile and Auto Components,,6.48%,ETFs - Others
Fast Moving Consumer Goods,,29.18%,ETFs - Others
Information Technology,,26.07%,ETFs - Others
Consumer Durables,,8.95%,ETFs - Others
Automobile and Auto Components,,6.82%,ETFs - Others
"Oil, Gas & Consumable Fuels",,6.63%,ETFs - Others
Financial Services,,35.26%,ETFs - Others
Information Technology,,13.62%,ETFs - Others
"Oil, Gas & Consumable Fuels",,11.40%,ETFs - Others
Fast Moving Consumer Goods,,9.16%,ETFs - Others
Automobile and Auto Components,,6.48%,ETFs - Others
Financial Services,,100.00%,ETFs - Others
Current Assets,,-,ETFs - Others
Fast Moving Consumer Goods,,37.77%,ETFs - Others
Automobile and Auto Components,,19.30%,ETFs - Others
Consumer Durables,,13.76%,ETFs - Others
Telecommunication,,10.09%,ETFs - Others
Consumer Services,,8.34%,ETFs - Others
Information Technology,,100.00%,ETFs - Others
Current Assets,,-,ETFs - Others
Financial Services,,20.33%,ETFs - Others
Fast Moving Consumer Goods,,12.68%,ETFs - Others
Consumer Services,,11.63%,ETFs - Others
Capital Goods,,11.14%,ETFs - Others
Chemicals,,6.58%,ETFs - Others
Financial Services,,100.00%,ETFs - Others
Current Assets,,-,ETFs - Others
Financial Services,,32.98%,ETFs - Others
Information Technology,,11.53%,ETFs - Others
"Oil, Gas & Consumable Fuels",,10.30%,ETFs - Others
Fast Moving Consumer Goods,,9.49%,ETFs - Others
Automobile and Auto Components,,6.38%,ETFs - Others
Financial Services,,39.13%,ETFs - Others
Information Technology,,15.04%,ETFs - Others
"Oil, Gas & Consumable Fuels",,10.81%,ETFs - Others
Fast Moving Consumer Goods,,9.00%,ETFs - Others
Automobile and Auto Components,,5.36%,ETFs - Others
Financial Services,,23.75%,ETFs - Others
Consumer Services,,16.61%,ETFs - Others
Fast Moving Consumer Goods,,11.78%,ETFs - Others
Capital Goods,,9.04%,ETFs - Others
Chemicals,,6.99%,ETFs - Others
Financial Services,,35.03%,ETFs - Others
Information Technology,,13.61%,ETFs - Others
"Oil, Gas & Consumable Fuels",,11.36%,ETFs - Others
Fast Moving Consumer Goods,,9.13%,ETFs - Others
Automobile and Auto Components,,6.46%,ETFs - Others
Information Technology,,49.94%,ETFs - Others
Consumer Services,,28.44%,ETFs - Others
Telecommunication,,14.32%,ETFs - Others
Financial Services,,7.21%,ETFs - Others
Current Assets,,0.09%,ETFs - Others
Financial Services,,99.83%,ETFs - Others
Current Assets,,0.17%,ETFs - Others
Financial Services,,35.26%,ETFs - Others
Information Technology,,13.62%,ETFs - Others
"Oil, Gas & Consumable Fuels",,11.40%,ETFs - Others
Fast Moving Consumer Goods,,9.16%,ETFs - Others
Automobile and Auto Components,,6.48%,ETFs - Others
Financial Services,,100.00%,ETFs - Others
Current Assets,,-,ETFs - Others
Financial Services,,22.13%,ETFs - Others
Capital Goods,,13.28%,ETFs - Others
Healthcare,,10.89%,ETFs - Others
Automobile and Auto Components,,7.30%,ETFs - Others
Information Technology,,6.85%,ETFs - Others
Financial Services,,20.33%,ETFs - Others
Fast Moving Consumer Goods,,12.68%,ETFs - Others
Consumer Services,,11.63%,ETFs - Others
Capital Goods,,11.14%,ETFs - Others
Chemicals,,6.57%,ETFs - Others
Financial Services,,39.13%,ETFs - Others
Information Technology,,15.04%,ETFs - Others
"Oil, Gas & Consumable Fuels",,10.81%,ETFs - Others
Fast Moving Consumer Goods,,9.00%,ETFs - Others
Automobile and Auto Components,,5.36%,ETFs - Others
Financial Services,,23.74%,ETFs - Others
Consumer Services,,16.60%,ETFs - Others
Fast Moving Consumer Goods,,11.77%,ETFs - Others
Capital Goods,,9.04%,ETFs - Others
Chemicals,,6.99%,ETFs - Others
Financial Services,,30.69%,Flexi Cap Fund
Information Technology,,13.24%,Flexi Cap Fund
Capital Goods,,12.12%,Flexi Cap Fund
Automobile and Auto Components,,8.57%,Flexi Cap Fund
Telecommunication,,5.47%,Flexi Cap Fund
Financial Services,,30.53%,Flexi Cap Fund
Information Technology,,12.48%,Flexi Cap Fund
Healthcare,,12.01%,Flexi Cap Fund
Fast Moving Consumer Goods,,6.73%,Flexi Cap Fund
Capital Goods,,4.81%,Flexi Cap Fund
Financial Services,,28.75%,Flexi Cap Fund
Consumer Services,,11.18%,Flexi Cap Fund
Automobile and Auto Components,,10.50%,Flexi Cap Fund
Information Technology,,9.12%,Flexi Cap Fund
Healthcare,,8.40%,Flexi Cap Fund
Financial Services,,34.07%,Focused Fund
Information Technology,,13.25%,Focused Fund
Automobile and Auto Components,,12.57%,Focused Fund
Telecommunication,,7.04%,Focused Fund
Capital Goods,,6.71%,Focused Fund
Financial Services,,35.52%,Focused Fund
Information Technology,,12.43%,Focused Fund
Automobile and Auto Components,,9.70%,Focused Fund
Fast Moving Consumer Goods,,7.38%,Focused Fund
Construction,,6.39%,Focused Fund
Financial Services,,27.19%,Focused Fund
Consumer Services,,14.06%,Focused Fund
Information Technology,,11.83%,Focused Fund
Chemicals,,10.15%,Focused Fund
Healthcare,,9.52%,Focused Fund
Financial Services,,33.27%,Focused Fund
Information Technology,,11.54%,Focused Fund
Capital Goods,,10.48%,Focused Fund
Automobile and Auto Components,,9.31%,Focused Fund
Fast Moving Consumer Goods,,5.95%,Focused Fund
Financial Services,,31.17%,Focused Fund
Automobile and Auto Components,,13.78%,Focused Fund
Capital Goods,,9.16%,Focused Fund
Information Technology,,7.35%,Focused Fund
Construction,,6.86%,Focused Fund
Financial Services,,31.04%,Focused Fund
Healthcare,,9.16%,Focused Fund
Information Technology,,8.84%,Focused Fund
Automobile and Auto Components,,7.05%,Focused Fund
Consumer Services,,6.70%,Focused Fund
Financial Services,,31.89%,Focused Fund
Capital Goods,,15.60%,Focused Fund
Information Technology,,9.39%,Focused Fund
Healthcare,,8.76%,Focused Fund
Automobile and Auto Components,,8.27%,Focused Fund
Financial Services,,29.31%,Focused Fund
Information Technology,,13.23%,Focused Fund
Capital Goods,,10.80%,Focused Fund
Automobile and Auto Components,,8.53%,Focused Fund
Construction,,6.67%,Focused Fund
Financial Services,,32.64%,Focused Fund
Healthcare,,8.77%,Focused Fund
Capital Goods,,7.58%,Focused Fund
Information Technology,,7.51%,Focused Fund
Construction,,6.02%,Focused Fund
Financial Services,,35.73%,Focused Fund
Healthcare,,12.94%,Focused Fund
Current Assets,,12.07%,Focused Fund
Realty,,7.63%,Focused Fund
Power,,7.15%,Focused Fund
Financial Services,,31.00%,Focused Fund
Information Technology,,12.45%,Focused Fund
"Oil, Gas & Consumable Fuels",,9.11%,Focused Fund
Construction,,8.29%,Focused Fund
Capital Goods,,8.02%,Focused Fund
Financial Services,,20.11%,Focused Fund
Healthcare,,15.27%,Focused Fund
Capital Goods,,10.69%,Focused Fund
Consumer Services,,6.42%,Focused Fund
Automobile and Auto Components,,6.41%,Focused Fund
Financial Services,,29.25%,Focused Fund
Information Technology,,12.71%,Focused Fund
Consumer Services,,10.05%,Focused Fund
Healthcare,,10.03%,Focused Fund
Construction,,9.08%,Focused Fund
Financial Services,,22.23%,Focused Fund
Capital Goods,,20.11%,Focused Fund
Automobile and Auto Components,,10.86%,Focused Fund
Construction,,6.99%,Focused Fund
Information Technology,,6.05%,Focused Fund
Financial Services,,18.77%,Focused Fund
Automobile and Auto Components,,16.04%,Focused Fund
Capital Goods,,10.59%,Focused Fund
Consumer Services,,8.84%,Focused Fund
Information Technology,,5.91%,Focused Fund
Financial Services,,25.85%,Focused Fund
Automobile and Auto Components,,10.41%,Focused Fund
Capital Goods,,10.29%,Focused Fund
Information Technology,,9.05%,Focused Fund
Healthcare,,7.70%,Focused Fund
Financial Services,,34.55%,Focused Fund
Fast Moving Consumer Goods,,17.54%,Focused Fund
Information Technology,,10.63%,Focused Fund
Automobile and Auto Components,,8.93%,Focused Fund
Consumer Durables,,6.99%,Focused Fund
Financial Services,,24.00%,Focused Fund
"Oil, Gas & Consumable Fuels",,13.68%,Focused Fund
Information Technology,,10.79%,Focused Fund
Fast Moving Consumer Goods,,7.88%,Focused Fund
Automobile and Auto Components,,5.73%,Focused Fund
Financial Services,,37.44%,Focused Fund
Information Technology,,10.62%,Focused Fund
"Oil, Gas & Consumable Fuels",,8.38%,Focused Fund
Consumer Services,,8.00%,Focused Fund
Automobile and Auto Components,,5.78%,Focused Fund
Financial Services,,39.72%,Focused Fund
Consumer Services,,12.30%,Focused Fund
Information Technology,,9.87%,Focused Fund
Capital Goods,,8.50%,Focused Fund
Automobile and Auto Components,,8.10%,Focused Fund
Financial Services,,35.79%,Focused Fund
Information Technology,,11.36%,Focused Fund
Consumer Services,,10.49%,Focused Fund
Capital Goods,,7.61%,Focused Fund
Automobile and Auto Components,,6.74%,Focused Fund
Financial Services,,20.24%,Focused Fund
"Oil, Gas & Consumable Fuels",,18.96%,Focused Fund
Fast Moving Consumer Goods,,18.31%,Focused Fund
Power,,13.14%,Focused Fund
Healthcare,,12.63%,Focused Fund
Financial Services,,42.34%,Focused Fund
Telecommunication,,9.77%,Focused Fund
Fast Moving Consumer Goods,,9.21%,Focused Fund
Services,,9.14%,Focused Fund
Healthcare,,5.33%,Focused Fund
Financial Services,,31.26%,Focused Fund
Information Technology,,12.63%,Focused Fund
Consumer Services,,12.61%,Focused Fund
Capital Goods,,10.77%,Focused Fund
Healthcare,,7.33%,Focused Fund
Financial Services,,31.46%,Focused Fund
Information Technology,,14.45%,Focused Fund
Healthcare,,10.13%,Focused Fund
Capital Goods,,7.41%,Focused Fund
Power,,6.38%,Focused Fund
Financial Services,,27.09%,Focused Fund
Automobile and Auto Components,,10.73%,Focused Fund
Information Technology,,8.98%,Focused Fund
Capital Goods,,8.87%,Focused Fund
Construction,,6.49%,Focused Fund
Financial Services,,31.14%,Focused Fund
Automobile and Auto Components,,10.44%,Focused Fund
Information Technology,,10.42%,Focused Fund
Consumer Services,,9.94%,Focused Fund
Fast Moving Consumer Goods,,7.22%,Focused Fund
Mutual Funds,,98.86%,FoF - Domestic
Current Assets,,1.14%,FoF - Domestic
Mutual Funds,,99.17%,FoF - Domestic
Current Assets,,0.83%,FoF - Domestic
Mutual Funds,,99.34%,FoF - Domestic
Current Assets,,0.66%,FoF - Domestic
Mutual Funds,,99.26%,FoF - Domestic
Current Assets,,0.74%,FoF - Domestic
Mutual Funds,,97.55%,FoF - Domestic
Current Assets,,2.45%,FoF - Domestic
Mutual Funds,,97.97%,FoF - Domestic
Current Assets,,2.03%,FoF - Domestic
Mutual Funds,,97.57%,FoF - Domestic
Current Assets,,2.43%,FoF - Domestic
Financial Services,,34.81%,Index Funds
Information Technology,,13.53%,Index Funds
"Oil, Gas & Consumable Fuels",,11.29%,Index Funds
Fast Moving Consumer Goods,,9.07%,Index Funds
Automobile and Auto Components,,6.42%,Index Funds
Financial Services,,87.90%,Index Funds
"Oil, Gas & Consumable Fuels",,9.73%,Index Funds
Current Assets,,2.36%,Index Funds
Sovereign,,94.16%,Index Funds
Current Assets,,5.84%,Index Funds
Financial Services,,19.94%,Index Funds
Automobile and Auto Components,,12.23%,Index Funds
Information Technology,,11.80%,Index Funds
Fast Moving Consumer Goods,,10.18%,Index Funds
Healthcare,,9.95%,Index Funds
Financial Services,,35.26%,Index Funds
Information Technology,,13.62%,Index Funds
"Oil, Gas & Consumable Fuels",,11.40%,Index Funds
Fast Moving Consumer Goods,,9.16%,Index Funds
Automobile and Auto Components,,6.48%,Index Funds
Financial Services,,22.13%,Index Funds
Capital Goods,,13.31%,Index Funds
Healthcare,,10.87%,Index Funds
Automobile and Auto Components,,7.24%,Index Funds
Information Technology,,6.86%,Index Funds
Financial Services,,20.35%,Index Funds
Fast Moving Consumer Goods,,12.69%,Index Funds
Consumer Services,,11.64%,Index Funds
Capital Goods,,11.15%,Index Funds
Chemicals,,6.58%,Index Funds
Sovereign,,98.33%,Index Funds
Current Assets,,1.67%,Index Funds
Financial Services,,27.08%,Large & Mid Cap Fund
Automobile and Auto Components,,11.59%,Large & Mid Cap Fund
Capital Goods,,11.56%,Large & Mid Cap Fund
Consumer Services,,8.67%,Large & Mid Cap Fund
Information Technology,,8.61%,Large & Mid Cap Fund
Financial Services,,20.58%,Large & Mid Cap Fund
Information Technology,,14.60%,Large & Mid Cap Fund
Capital Goods,,10.28%,Large & Mid Cap Fund
Automobile and Auto Components,,9.64%,Large & Mid Cap Fund
Healthcare,,8.57%,Large & Mid Cap Fund
Financial Services,,25.52%,Large & Mid Cap Fund
Information Technology,,8.23%,Large & Mid Cap Fund
"Oil, Gas & Consumable Fuels",,8.09%,Large & Mid Cap Fund
Automobile and Auto Components,,7.90%,Large & Mid Cap Fund
Healthcare,,6.19%,Large & Mid Cap Fund
Financial Services,,29.76%,Large & Mid Cap Fund
Automobile and Auto Components,,11.48%,Large & Mid Cap Fund
Construction,,6.79%,Large & Mid Cap Fund
Healthcare,,6.70%,Large & Mid Cap Fund
Capital Goods,,5.98%,Large & Mid Cap Fund
Financial Services,,32.05%,Large & Mid Cap Fund
Information Technology,,8.59%,Large & Mid Cap Fund
Automobile and Auto Components,,7.61%,Large & Mid Cap Fund
Healthcare,,7.25%,Large & Mid Cap Fund
Power,,6.23%,Large & Mid Cap Fund
Financial Services,,27.71%,Large & Mid Cap Fund
Capital Goods,,16.00%,Large & Mid Cap Fund
Automobile and Auto Components,,12.01%,Large & Mid Cap Fund
Healthcare,,6.82%,Large & Mid Cap Fund
Consumer Services,,6.31%,Large & Mid Cap Fund
Financial Services,,33.99%,Large & Mid Cap Fund
Automobile and Auto Components,,9.49%,Large & Mid Cap Fund
Healthcare,,8.85%,Large & Mid Cap Fund
"Oil, Gas & Consumable Fuels",,7.19%,Large & Mid Cap Fund
Information Technology,,6.25%,Large & Mid Cap Fund
Financial Services,,26.28%,Large & Mid Cap Fund
Information Technology,,10.87%,Large & Mid Cap Fund
Capital Goods,,10.80%,Large & Mid Cap Fund
Consumer Durables,,7.88%,Large & Mid Cap Fund
Automobile and Auto Components,,7.08%,Large & Mid Cap Fund
Financial Services,,34.78%,Large & Mid Cap Fund
Automobile and Auto Components,,13.02%,Large & Mid Cap Fund
Information Technology,,9.05%,Large & Mid Cap Fund
Healthcare,,6.66%,Large & Mid Cap Fund
Fast Moving Consumer Goods,,5.71%,Large & Mid Cap Fund
Financial Services,,34.60%,Large Cap Fund
Information Technology,,9.31%,Large Cap Fund
Automobile and Auto Components,,8.25%,Large Cap Fund
Fast Moving Consumer Goods,,7.54%,Large Cap Fund
"Oil, Gas & Consumable Fuels",,6.43%,Large Cap Fund
Financial Services,,32.75%,Large Cap Fund
Information Technology,,10.13%,Large Cap Fund
Automobile and Auto Components,,10.06%,Large Cap Fund
Consumer Services,,9.36%,Large Cap Fund
"Oil, Gas & Consumable Fuels",,5.66%,Large Cap Fund
Financial Services,,32.50%,Large Cap Fund
Information Technology,,13.30%,Large Cap Fund
Automobile and Auto Components,,11.01%,Large Cap Fund
"Oil, Gas & Consumable Fuels",,9.65%,Large Cap Fund
Fast Moving Consumer Goods,,6.85%,Large Cap Fund
Financial Services,,33.46%,Large Cap Fund
Information Technology,,8.43%,Large Cap Fund
Automobile and Auto Components,,8.35%,Large Cap Fund
Healthcare,,7.15%,Large Cap Fund
Capital Goods,,6.77%,Large Cap Fund
Financial Services,,26.69%,Large Cap Fund
Information Technology,,9.86%,Large Cap Fund
Automobile and Auto Components,,9.74%,Large Cap Fund
"Oil, Gas & Consumable Fuels",,9.50%,Large Cap Fund
Fast Moving Consumer Goods,,7.60%,Large Cap Fund
Financial Services,,31.63%,Large Cap Fund
Information Technology,,11.11%,Large Cap Fund
Fast Moving Consumer Goods,,7.83%,Large Cap Fund
Automobile and Auto Components,,7.01%,Large Cap Fund
"Oil, Gas & Consumable Fuels",,6.21%,Large Cap Fund
Financial Services,,42.99%,Large Cap Fund
Automobile and Auto Components,,15.93%,Large Cap Fund
Healthcare,,14.81%,Large Cap Fund
Information Technology,,6.56%,Large Cap Fund
Fast Moving Consumer Goods,,6.15%,Large Cap Fund
Financial Services,,31.40%,Large Cap Fund
Fast Moving Consumer Goods,,10.91%,Large Cap Fund
Automobile and Auto Components,,10.65%,Large Cap Fund
Information Technology,,9.45%,Large Cap Fund
"Oil, Gas & Consumable Fuels",,6.54%,Large Cap Fund
Financial Services,,37.98%,Large Cap Fund
Automobile and Auto Components,,11.97%,Large Cap Fund
Information Technology,,11.84%,Large Cap Fund
"Oil, Gas & Consumable Fuels",,7.21%,Large Cap Fund
Fast Moving Consumer Goods,,6.97%,Large Cap Fund
Financial Services,,29.68%,Large Cap Fund
Information Technology,,14.66%,Large Cap Fund
Automobile and Auto Components,,11.28%,Large Cap Fund
Construction,,7.95%,Large Cap Fund
Capital Goods,,4.12%,Large Cap Fund
Financial Services,,35.55%,Large Cap Fund
"Oil, Gas & Consumable Fuels",,10.86%,Large Cap Fund
Information Technology,,9.68%,Large Cap Fund
Fast Moving Consumer Goods,,8.51%,Large Cap Fund
Healthcare,,6.71%,Large Cap Fund
Financial Services,,32.35%,Large Cap Fund
"Oil, Gas & Consumable Fuels",,10.76%,Large Cap Fund
Information Technology,,9.74%,Large Cap Fund
Healthcare,,7.68%,Large Cap Fund
Fast Moving Consumer Goods,,7.31%,Large Cap Fund
Financial Services,,24.04%,Large Cap Fund
"Oil, Gas & Consumable Fuels",,11.75%,Large Cap Fund
Automobile and Auto Components,,10.14%,Large Cap Fund
Information Technology,,9.41%,Large Cap Fund
Current Assets,,8.04%,Large Cap Fund
Financial Services,,33.07%,Large Cap Fund
Information Technology,,11.66%,Large Cap Fund
Automobile and Auto Components,,7.73%,Large Cap Fund
Capital Goods,,7.53%,Large Cap Fund
"Oil, Gas & Consumable Fuels",,7.44%,Large Cap Fund
Financial Services,,33.10%,Large Cap Fund
Information Technology,,9.76%,Large Cap Fund
"Oil, Gas & Consumable Fuels",,9.00%,Large Cap Fund
Automobile and Auto Components,,5.62%,Large Cap Fund
Fast Moving Consumer Goods,,5.62%,Large Cap Fund
Financial Services,,27.52%,Large Cap Fund
Automobile and Auto Components,,10.01%,Large Cap Fund
Construction Materials,,9.94%,Large Cap Fund
Information Technology,,8.90%,Large Cap Fund
Power,,8.52%,Large Cap Fund
Financial Services,,26.02%,Large Cap Fund
Automobile and Auto Components,,12.36%,Large Cap Fund
Information Technology,,11.97%,Large Cap Fund
Fast Moving Consumer Goods,,8.95%,Large Cap Fund
"Oil, Gas & Consumable Fuels",,7.95%,Large Cap Fund
Financial Services,,36.76%,Large Cap Fund
Fast Moving Consumer Goods,,11.37%,Large Cap Fund
Information Technology,,8.82%,Large Cap Fund
"Oil, Gas & Consumable Fuels",,6.53%,Large Cap Fund
Automobile and Auto Components,,6.11%,Large Cap Fund
Financial Services,,32.01%,Large Cap Fund
Information Technology,,12.54%,Large Cap Fund
"Oil, Gas & Consumable Fuels",,10.48%,Large Cap Fund
Fast Moving Consumer Goods,,8.06%,Large Cap Fund
Healthcare,,5.56%,Large Cap Fund
Financial Services,,37.40%,Large Cap Fund
Information Technology,,12.17%,Large Cap Fund
"Oil, Gas & Consumable Fuels",,7.30%,Large Cap Fund
Fast Moving Consumer Goods,,6.41%,Large Cap Fund
Automobile and Auto Components,,4.52%,Large Cap Fund
Financial Services,,37.29%,Large Cap Fund
Fast Moving Consumer Goods,,9.44%,Large Cap Fund
Consumer Services,,7.85%,Large Cap Fund
"Oil, Gas & Consumable Fuels",,7.07%,Large Cap Fund
Power,,6.59%,Large Cap Fund
Financial Services,,32.44%,Large Cap Fund
Information Technology,,10.48%,Large Cap Fund
Fast Moving Consumer Goods,,8.89%,Large Cap Fund
"Oil, Gas & Consumable Fuels",,6.38%,Large Cap Fund
Automobile and Auto Components,,5.73%,Large Cap Fund
"Oil, Gas & Consumable Fuels",,19.45%,Large Cap Fund
Fast Moving Consumer Goods,,18.79%,Large Cap Fund
Financial Services,,15.92%,Large Cap Fund
Power,,11.95%,Large Cap Fund
Metals & Mining,,11.94%,Large Cap Fund
Financial Services,,31.71%,Large Cap Fund
Automobile and Auto Components,,14.60%,Large Cap Fund
Fast Moving Consumer Goods,,10.23%,Large Cap Fund
Healthcare,,6.99%,Large Cap Fund
Construction,,6.01%,Large Cap Fund
Financial Services,,33.90%,Large Cap Fund
Information Technology,,11.56%,Large Cap Fund
Fast Moving Consumer Goods,,10.01%,Large Cap Fund
"Oil, Gas & Consumable Fuels",,8.08%,Large Cap Fund
Healthcare,,7.31%,Large Cap Fund
Financial Services,,33.96%,Large Cap Fund
Information Technology,,11.88%,Large Cap Fund
Fast Moving Consumer Goods,,9.08%,Large Cap Fund
"Oil, Gas & Consumable Fuels",,6.87%,Large Cap Fund
Automobile and Auto Components,,6.39%,Large Cap Fund
Financial Services,,29.33%,Large Cap Fund
Information Technology,,12.94%,Large Cap Fund
Automobile and Auto Components,,9.67%,Large Cap Fund
Healthcare,,8.72%,Large Cap Fund
"Oil, Gas & Consumable Fuels",,6.90%,Large Cap Fund
Financial Services,,33.27%,Large Cap Fund
Information Technology,,11.53%,Large Cap Fund
Automobile and Auto Components,,8.55%,Large Cap Fund
"Oil, Gas & Consumable Fuels",,7.66%,Large Cap Fund
Fast Moving Consumer Goods,,6.05%,Large Cap Fund
Financial Services,,31.62%,Large Cap Fund
Information Technology,,15.48%,Large Cap Fund
Automobile and Auto Components,,8.56%,Large Cap Fund
Consumer Services,,7.54%,Large Cap Fund
Consumer Durables,,5.33%,Large Cap Fund
Financial Services,,38.05%,Large Cap Fund
Information Technology,,10.61%,Large Cap Fund
Fast Moving Consumer Goods,,9.27%,Large Cap Fund
Capital Goods,,6.02%,Large Cap Fund
Consumer Durables,,5.37%,Large Cap Fund
Financial Services,,20.46%,Mid Cap Fund
Capital Goods,,14.54%,Mid Cap Fund
Healthcare,,9.02%,Mid Cap Fund
Chemicals,,7.97%,Mid Cap Fund
Information Technology,,5.98%,Mid Cap Fund
Capital Goods,,17.85%,Mid Cap Fund
Financial Services,,16.46%,Mid Cap Fund
Automobile and Auto Components,,14.29%,Mid Cap Fund
Consumer Services,,11.98%,Mid Cap Fund
Chemicals,,8.12%,Mid Cap Fund
Capital Goods,,25.32%,Mid Cap Fund
Automobile and Auto Components,,12.17%,Mid Cap Fund
Financial Services,,11.66%,Mid Cap Fund
Information Technology,,9.61%,Mid Cap Fund
Consumer Services,,7.28%,Mid Cap Fund
Financial Services,,17.96%,Mid Cap Fund
Capital Goods,,16.19%,Mid Cap Fund
Healthcare,,10.31%,Mid Cap Fund
Automobile and Auto Components,,9.54%,Mid Cap Fund
Information Technology,,8.30%,Mid Cap Fund
Financial Services,,21.79%,Mid Cap Fund
Capital Goods,,15.83%,Mid Cap Fund
Healthcare,,11.15%,Mid Cap Fund
Automobile and Auto Components,,9.06%,Mid Cap Fund
Chemicals,,7.28%,Mid Cap Fund
Capital Goods,,16.32%,Mid Cap Fund
Financial Services,,13.39%,Mid Cap Fund
Healthcare,,10.83%,Mid Cap Fund
Chemicals,,10.19%,Mid Cap Fund
Automobile and Auto Components,,8.00%,Mid Cap Fund
Financial Services,,22.33%,Mid Cap Fund
Capital Goods,,16.30%,Mid Cap Fund
Healthcare,,9.77%,Mid Cap Fund
Automobile and Auto Components,,8.63%,Mid Cap Fund
Information Technology,,8.46%,Mid Cap Fund
Financial Services,,21.93%,Mid Cap Fund
Capital Goods,,13.26%,Mid Cap Fund
Healthcare,,8.25%,Mid Cap Fund
Automobile and Auto Components,,7.01%,Mid Cap Fund
Information Technology,,6.13%,Mid Cap Fund
Financial Services,,23.58%,Mid Cap Fund
Capital Goods,,13.20%,Mid Cap Fund
Healthcare,,10.34%,Mid Cap Fund
Automobile and Auto Components,,8.54%,Mid Cap Fund
Information Technology,,7.78%,Mid Cap Fund
Financial Services,,20.21%,Mid Cap Fund
Capital Goods,,15.84%,Mid Cap Fund
Healthcare,,14.20%,Mid Cap Fund
Automobile and Auto Components,,8.43%,Mid Cap Fund
Information Technology,,5.01%,Mid Cap Fund
Capital Goods,,15.90%,Mid Cap Fund
Healthcare,,10.71%,Mid Cap Fund
Automobile and Auto Components,,10.47%,Mid Cap Fund
Realty,,9.87%,Mid Cap Fund
Metals & Mining,,7.28%,Mid Cap Fund
Financial Services,,21.55%,Mid Cap Fund
Capital Goods,,17.72%,Mid Cap Fund
Automobile and Auto Components,,10.08%,Mid Cap Fund
Healthcare,,10.06%,Mid Cap Fund
Consumer Services,,8.30%,Mid Cap Fund
Capital Goods,,20.21%,Mid Cap Fund
Financial Services,,18.17%,Mid Cap Fund
Healthcare,,8.28%,Mid Cap Fund
Automobile and Auto Components,,7.72%,Mid Cap Fund
Information Technology,,6.96%,Mid Cap Fund
Capital Goods,,18.03%,Mid Cap Fund
Financial Services,,16.48%,Mid Cap Fund
Healthcare,,8.53%,Mid Cap Fund
Automobile and Auto Components,,7.61%,Mid Cap Fund
Consumer Services,,7.38%,Mid Cap Fund
Capital Goods,,20.59%,Mid Cap Fund
Financial Services,,12.90%,Mid Cap Fund
Consumer Durables,,12.63%,Mid Cap Fund
Chemicals,,11.49%,Mid Cap Fund
Automobile and Auto Components,,9.78%,Mid Cap Fund
Financial Services,,19.64%,Mid Cap Fund
Capital Goods,,15.09%,Mid Cap Fund
Automobile and Auto Components,,13.37%,Mid Cap Fund
Consumer Services,,12.37%,Mid Cap Fund
Chemicals,,7.35%,Mid Cap Fund
Financial Services,,21.08%,Mid Cap Fund
Capital Goods,,12.91%,Mid Cap Fund
Automobile and Auto Components,,8.12%,Mid Cap Fund
Healthcare,,7.74%,Mid Cap Fund
Information Technology,,6.12%,Mid Cap Fund
Financial Services,,23.12%,Mid Cap Fund
Healthcare,,12.96%,Mid Cap Fund
Consumer Durables,,9.05%,Mid Cap Fund
Capital Goods,,8.52%,Mid Cap Fund
Automobile and Auto Components,,6.59%,Mid Cap Fund
Information Technology,,22.48%,Mid Cap Fund
Financial Services,,15.17%,Mid Cap Fund
Capital Goods,,13.67%,Mid Cap Fund
Automobile and Auto Components,,12.43%,Mid Cap Fund
Chemicals,,9.19%,Mid Cap Fund
Financial Services,,23.95%,Mid Cap Fund
Capital Goods,,13.04%,Mid Cap Fund
Healthcare,,11.09%,Mid Cap Fund
Consumer Services,,8.27%,Mid Cap Fund
Automobile and Auto Components,,7.27%,Mid Cap Fund
Financial Services,,18.72%,Mid Cap Fund
Automobile and Auto Components,,13.99%,Mid Cap Fund
Capital Goods,,10.77%,Mid Cap Fund
Healthcare,,10.45%,Mid Cap Fund
Chemicals,,8.12%,Mid Cap Fund
Financial Services,,19.75%,Mid Cap Fund
Healthcare,,17.69%,Mid Cap Fund
"Oil, Gas & Consumable Fuels",,12.58%,Mid Cap Fund
Power,,8.88%,Mid Cap Fund
Metals & Mining,,8.48%,Mid Cap Fund
Financial Services,,16.44%,Mid Cap Fund
Automobile and Auto Components,,15.54%,Mid Cap Fund
Capital Goods,,11.76%,Mid Cap Fund
Healthcare,,7.82%,Mid Cap Fund
Textiles,,6.62%,Mid Cap Fund
Financial Services,,24.74%,Mid Cap Fund
Automobile and Auto Components,,11.50%,Mid Cap Fund
Capital Goods,,11.10%,Mid Cap Fund
Healthcare,,10.53%,Mid Cap Fund
Consumer Services,,6.56%,Mid Cap Fund
Capital Goods,,22.77%,Mid Cap Fund
Financial Services,,21.50%,Mid Cap Fund
Healthcare,,10.63%,Mid Cap Fund
Realty,,5.70%,Mid Cap Fund
Chemicals,,4.86%,Mid Cap Fund
Financial Services,,26.14%,Mid Cap Fund
Consumer Durables,,14.02%,Mid Cap Fund
Capital Goods,,10.56%,Mid Cap Fund
Automobile and Auto Components,,7.77%,Mid Cap Fund
Information Technology,,5.91%,Mid Cap Fund
Financial Services,,21.43%,Mid Cap Fund
Automobile and Auto Components,,12.35%,Mid Cap Fund
Capital Goods,,11.75%,Mid Cap Fund
Healthcare,,10.50%,Mid Cap Fund
Information Technology,,7.58%,Mid Cap Fund
Financial Services,,19.46%,Mid Cap Fund
Capital Goods,,16.69%,Mid Cap Fund
Automobile and Auto Components,,11.51%,Mid Cap Fund
Healthcare,,10.98%,Mid Cap Fund
Information Technology,,8.83%,Mid Cap Fund
Financial Services,,23.99%,Mid Cap Fund
Healthcare,,13.67%,Mid Cap Fund
Capital Goods,,13.14%,Mid Cap Fund
Information Technology,,10.61%,Mid Cap Fund
Consumer Services,,8.58%,Mid Cap Fund
Financial Services,,29.90%,Multi Asset Allocation
Mutual Funds,,12.84%,Multi Asset Allocation
Information Technology,,5.84%,Multi Asset Allocation
Healthcare,,5.65%,Multi Asset Allocation
Automobile and Auto Components,,4.96%,Multi Asset Allocation
Financial Services,,33.64%,Multi Asset Allocation
Mutual Funds,,12.49%,Multi Asset Allocation
Automobile and Auto Components,,9.24%,Multi Asset Allocation
Information Technology,,6.95%,Multi Asset Allocation
Consumer Services,,6.69%,Multi Asset Allocation
Financial Services,,21.69%,Multi Asset Allocation
Mutual Funds,,15.03%,Multi Asset Allocation
Information Technology,,7.95%,Multi Asset Allocation
Automobile and Auto Components,,7.64%,Multi Asset Allocation
"Oil, Gas & Consumable Fuels",,7.03%,Multi Asset Allocation
Mutual Funds,,33.24%,Multi Asset Allocation
Financial Services,,28.90%,Multi Asset Allocation
Information Technology,,7.80%,Multi Asset Allocation
Healthcare,,7.44%,Multi Asset Allocation
Automobile and Auto Components,,4.90%,Multi Asset Allocation
Miscellaneous,,63.39%,Multi Asset Allocation
Financial Services,,25.62%,Multi Asset Allocation
Sovereign,,16.48%,Multi Asset Allocation
Current Assets,,4.26%,Multi Asset Allocation
Fast Moving Consumer Goods,,-,Multi Asset Allocation
Financial Services,,23.46%,Multi Asset Allocation
Miscellaneous,,13.75%,Multi Asset Allocation
Mutual Funds,,11.89%,Multi Asset Allocation
Sovereign,,9.16%,Multi Asset Allocation
Information Technology,,5.86%,Multi Asset Allocation
Financial Services,,23.57%,Multi Asset Allocation
Current Assets,,20.15%,Multi Asset Allocation
"Oil, Gas & Consumable Fuels",,8.39%,Multi Asset Allocation
Automobile and Auto Components,,5.51%,Multi Asset Allocation
Power,,5.34%,Multi Asset Allocation
Financial Services,,18.12%,Multi Asset Allocation
Mutual Funds,,13.54%,Multi Asset Allocation
Miscellaneous,,12.28%,Multi Asset Allocation
Current Assets,,10.68%,Multi Asset Allocation
Automobile and Auto Components,,9.67%,Multi Asset Allocation
Financial Services,,49.76%,Multi Asset Allocation
Mutual Funds,,12.58%,Multi Asset Allocation
Sovereign,,6.91%,Multi Asset Allocation
Automobile and Auto Components,,6.21%,Multi Asset Allocation
Information Technology,,6.12%,Multi Asset Allocation
Mutual Funds,,29.67%,Multi Asset Allocation
Financial Services,,21.03%,Multi Asset Allocation
Sovereign,,7.50%,Multi Asset Allocation
Automobile and Auto Components,,5.80%,Multi Asset Allocation
"Oil, Gas & Consumable Fuels",,4.90%,Multi Asset Allocation
Financial Services,,31.41%,Multi Asset Allocation
"Oil, Gas & Consumable Fuels",,14.02%,Multi Asset Allocation
Mutual Funds,,13.17%,Multi Asset Allocation
Metals & Mining,,7.94%,Multi Asset Allocation
Healthcare,,6.98%,Multi Asset Allocation
Financial Services,,31.44%,Multi Asset Allocation
Mutual Funds,,12.16%,Multi Asset Allocation
Sovereign,,12.11%,Multi Asset Allocation
Realty,,6.15%,Multi Asset Allocation
Information Technology,,5.39%,Multi Asset Allocation
Financial Services,,19.71%,Multi Asset Allocation
"Oil, Gas & Consumable Fuels",,10.55%,Multi Asset Allocation
Mutual Funds,,10.31%,Multi Asset Allocation
Sovereign,,9.07%,Multi Asset Allocation
Information Technology,,8.86%,Multi Asset Allocation
Financial Services,,22.70%,Multi Asset Allocation
Miscellaneous,,18.51%,Multi Asset Allocation
Commodity,,6.81%,Multi Asset Allocation
Capital Goods,,6.39%,Multi Asset Allocation
Information Technology,,4.95%,Multi Asset Allocation
Mutual Funds,,18.16%,Multi Asset Allocation
Sovereign,,13.16%,Multi Asset Allocation
Automobile and Auto Components,,10.90%,Multi Asset Allocation
Financial Services,,9.56%,Multi Asset Allocation
Miscellaneous,,9.24%,Multi Asset Allocation
Financial Services,,27.96%,Multi Cap Fund
Capital Goods,,11.66%,Multi Cap Fund
Automobile and Auto Components,,8.43%,Multi Cap Fund
Healthcare,,7.75%,Multi Cap Fund
Information Technology,,7.31%,Multi Cap Fund
Financial Services,,21.04%,Multi Cap Fund
Information Technology,,15.57%,Multi Cap Fund
Automobile and Auto Components,,15.34%,Multi Cap Fund
Healthcare,,9.86%,Multi Cap Fund
Realty,,7.77%,Multi Cap Fund
Financial Services,,26.44%,Multi Cap Fund
Information Technology,,7.94%,Multi Cap Fund
Healthcare,,7.26%,Multi Cap Fund
Automobile and Auto Components,,7.17%,Multi Cap Fund
Fast Moving Consumer Goods,,6.68%,Multi Cap Fund
Financial Services,,23.31%,Multi Cap Fund
Automobile and Auto Components,,11.13%,Multi Cap Fund
Capital Goods,,10.69%,Multi Cap Fund
Information Technology,,6.94%,Multi Cap Fund
Healthcare,,6.72%,Multi Cap Fund
Financial Services,,25.18%,Multi Cap Fund
Capital Goods,,10.56%,Multi Cap Fund
Information Technology,,10.14%,Multi Cap Fund
Healthcare,,8.27%,Multi Cap Fund
Automobile and Auto Components,,7.70%,Multi Cap Fund
Financial Services,,27.59%,Multi Cap Fund
Capital Goods,,13.17%,Multi Cap Fund
Fast Moving Consumer Goods,,10.29%,Multi Cap Fund
Healthcare,,10.02%,Multi Cap Fund
Automobile and Auto Components,,7.29%,Multi Cap Fund
Financial Services,,26.10%,Multi Cap Fund
Information Technology,,10.89%,Multi Cap Fund
Capital Goods,,10.73%,Multi Cap Fund
Healthcare,,7.47%,Multi Cap Fund
Automobile and Auto Components,,6.87%,Multi Cap Fund
Financial Services,,25.82%,Multi Cap Fund
Capital Goods,,10.19%,Multi Cap Fund
Information Technology,,9.13%,Multi Cap Fund
Automobile and Auto Components,,6.19%,Multi Cap Fund
"Oil, Gas & Consumable Fuels",,6.18%,Multi Cap Fund
Financial Services,,21.73%,Multi Cap Fund
Capital Goods,,16.70%,Multi Cap Fund
Information Technology,,11.89%,Multi Cap Fund
Healthcare,,7.01%,Multi Cap Fund
Construction,,5.68%,Multi Cap Fund
Financial Services,,20.06%,Multi Cap Fund
"Oil, Gas & Consumable Fuels",,11.46%,Multi Cap Fund
Automobile and Auto Components,,9.21%,Multi Cap Fund
Healthcare,,7.82%,Multi Cap Fund
Information Technology,,7.57%,Multi Cap Fund
Financial Services,,31.08%,Multi Cap Fund
Capital Goods,,13.10%,Multi Cap Fund
Automobile and Auto Components,,11.89%,Multi Cap Fund
Information Technology,,9.24%,Multi Cap Fund
Healthcare,,5.18%,Multi Cap Fund
Financial Services,,25.89%,Multi Cap Fund
Capital Goods,,14.59%,Multi Cap Fund
Information Technology,,6.16%,Multi Cap Fund
Consumer Services,,6.01%,Multi Cap Fund
Automobile and Auto Components,,5.64%,Multi Cap Fund
Financial Services,,24.96%,Multi Cap Fund
Automobile and Auto Components,,11.87%,Multi Cap Fund
Fast Moving Consumer Goods,,7.89%,Multi Cap Fund
"Oil, Gas & Consumable Fuels",,6.61%,Multi Cap Fund
"Media, Entertainment & Publication",,6.09%,Multi Cap Fund
Financial Services,,23.98%,Multi Cap Fund
Capital Goods,,14.64%,Multi Cap Fund
Automobile and Auto Components,,11.53%,Multi Cap Fund
Consumer Durables,,6.32%,Multi Cap Fund
Chemicals,,6.19%,Multi Cap Fund
Financial Services,,19.83%,Multi Cap Fund
Capital Goods,,12.20%,Multi Cap Fund
Information Technology,,10.15%,Multi Cap Fund
Consumer Durables,,7.97%,Multi Cap Fund
Power,,7.43%,Multi Cap Fund
Financial Services,,27.77%,Multi Cap Fund
Healthcare,,9.41%,Multi Cap Fund
Consumer Durables,,8.01%,Multi Cap Fund
Information Technology,,6.74%,Multi Cap Fund
Automobile and Auto Components,,6.69%,Multi Cap Fund
Financial Services,,30.43%,Multi Cap Fund
Consumer Services,,12.45%,Multi Cap Fund
Capital Goods,,10.65%,Multi Cap Fund
Healthcare,,7.83%,Multi Cap Fund
Automobile and Auto Components,,6.27%,Multi Cap Fund
Financial Services,,17.90%,Multi Cap Fund
Metals & Mining,,14.67%,Multi Cap Fund
"Oil, Gas & Consumable Fuels",,14.63%,Multi Cap Fund
Healthcare,,11.10%,Multi Cap Fund
Fast Moving Consumer Goods,,8.78%,Multi Cap Fund
Financial Services,,21.21%,Multi Cap Fund
Consumer Durables,,8.53%,Multi Cap Fund
Automobile and Auto Components,,8.08%,Multi Cap Fund
Healthcare,,7.76%,Multi Cap Fund
Consumer Services,,6.82%,Multi Cap Fund
Financial Services,,29.17%,Multi Cap Fund
Capital Goods,,10.35%,Multi Cap Fund
Automobile and Auto Components,,9.59%,Multi Cap Fund
Healthcare,,8.54%,Multi Cap Fund
Information Technology,,6.73%,Multi Cap Fund
Financial Services,,30.14%,Multi Cap Fund
Information Technology,,7.32%,Multi Cap Fund
Automobile and Auto Components,,7.06%,Multi Cap Fund
Capital Goods,,6.39%,Multi Cap Fund
Current Assets,,4.84%,Multi Cap Fund
Financial Services,,26.96%,Multi Cap Fund
Automobile and Auto Components,,10.81%,Multi Cap Fund
Information Technology,,9.37%,Multi Cap Fund
Capital Goods,,8.98%,Multi Cap Fund
Current Assets,,5.48%,Multi Cap Fund
Financial Services,,28.54%,Multi Cap Fund
Capital Goods,,11.13%,Multi Cap Fund
Information Technology,,9.45%,Multi Cap Fund
Healthcare,,9.10%,Multi Cap Fund
Fast Moving Consumer Goods,,6.63%,Multi Cap Fund
Financial Services,,33.44%,Retirement Fund
Healthcare,,9.94%,Retirement Fund
Automobile and Auto Components,,9.08%,Retirement Fund
Fast Moving Consumer Goods,,7.69%,Retirement Fund
Information Technology,,6.29%,Retirement Fund
Financial Services,,26.85%,Retirement Fund
Sovereign,,12.70%,Retirement Fund
Healthcare,,9.53%,Retirement Fund
Current Assets,,9.14%,Retirement Fund
Automobile and Auto Components,,7.27%,Retirement Fund
Sovereign,,54.76%,Retirement Fund
Financial Services,,15.79%,Retirement Fund
Current Assets,,14.03%,Retirement Fund
Healthcare,,3.24%,Retirement Fund
Automobile and Auto Components,,2.01%,Retirement Fund
Sovereign,,72.73%,Retirement Fund
Financial Services,,13.69%,Retirement Fund
Telecommunication,,11.75%,Retirement Fund
Current Assets,,1.82%,Retirement Fund
Financial Services,,22.27%,Retirement Fund
Sovereign,,12.24%,Retirement Fund
Information Technology,,10.81%,Retirement Fund
Chemicals,,7.37%,Retirement Fund
Capital Goods,,6.14%,Retirement Fund
Sovereign,,28.03%,Retirement Fund
Financial Services,,26.94%,Retirement Fund
Information Technology,,9.61%,Retirement Fund
Automobile and Auto Components,,7.73%,Retirement Fund
Current Assets,,7.21%,Retirement Fund
Financial Services,,27.13%,Retirement Fund
Automobile and Auto Components,,8.98%,Retirement Fund
Information Technology,,8.48%,Retirement Fund
Healthcare,,8.39%,Retirement Fund
Consumer Services,,5.61%,Retirement Fund
Financial Services,,97.58%,Sectoral
Current Assets,,2.00%,Sectoral
Mutual Funds,,0.42%,Sectoral
Information Technology,,77.65%,Sectoral
Telecommunication,,7.44%,Sectoral
Consumer Services,,4.10%,Sectoral
Current Assets,,3.10%,Sectoral
Services,,2.59%,Sectoral
Capital Goods,,27.04%,Sectoral
Construction,,23.90%,Sectoral
Financial Services,,7.29%,Sectoral
Construction Materials,,6.68%,Sectoral
"Oil, Gas & Consumable Fuels",,5.57%,Sectoral
Healthcare,,93.02%,Sectoral
Current Assets,,4.41%,Sectoral
Financial Services,,1.28%,Sectoral
Consumer Services,,0.73%,Sectoral
Chemicals,,0.56%,Sectoral
Financial Services,,94.51%,Sectoral
Current Assets,,4.79%,Sectoral
Miscellaneous,,0.70%,Sectoral
Construction,,32.23%,Sectoral
Capital Goods,,23.36%,Sectoral
Construction Materials,,12.49%,Sectoral
Services,,8.77%,Sectoral
Power,,7.91%,Sectoral
Automobile and Auto Components,,71.31%,Sectoral
Services,,14.76%,Sectoral
Capital Goods,,6.57%,Sectoral
Consumer Services,,3.10%,Sectoral
Current Assets,,2.41%,Sectoral
Capital Goods,,17.38%,Sectoral
Automobile and Auto Components,,13.35%,Sectoral
Construction,,11.16%,Sectoral
"Oil, Gas & Consumable Fuels",,9.75%,Sectoral
Realty,,7.16%,Sectoral
Financial Services,,97.31%,Sectoral
Current Assets,,2.22%,Sectoral
Information Technology,,1.04%,Sectoral
Sovereign,,0.44%,Sectoral
Miscellaneous,,-1.01%,Sectoral
Capital Goods,,17.94%,Small cap Fund
Financial Services,,16.34%,Small cap Fund
Information Technology,,8.66%,Small cap Fund
Automobile and Auto Components,,7.54%,Small cap Fund
Consumer Durables,,6.92%,Small cap Fund
Financial Services,,14.17%,Small cap Fund
Healthcare,,12.57%,Small cap Fund
Capital Goods,,11.62%,Small cap Fund
Automobile and Auto Components,,10.55%,Small cap Fund
Information Technology,,9.80%,Small cap Fund
Financial Services,,22.96%,Small cap Fund
Capital Goods,,12.32%,Small cap Fund
Current Assets,,8.32%,Small cap Fund
Healthcare,,7.26%,Small cap Fund
Automobile and Auto Components,,5.92%,Small cap Fund
Financial Services,,20.97%,Small cap Fund
Capital Goods,,20.30%,Small cap Fund
Healthcare,,10.12%,Small cap Fund
Fast Moving Consumer Goods,,9.34%,Small cap Fund
Automobile and Auto Components,,8.92%,Small cap Fund
Financial Services,,26.39%,Thematic
Capital Goods,,18.84%,Thematic
Healthcare,,9.55%,Thematic
Automobile and Auto Components,,9.11%,Thematic
Information Technology,,8.82%,Thematic
Financial Services,,24.99%,Thematic
Information Technology,,10.23%,Thematic
Healthcare,,7.66%,Thematic
Capital Goods,,7.46%,Thematic
Fast Moving Consumer Goods,,6.79%,Thematic
Financial Services,,29.94%,Thematic
Information Technology,,24.13%,Thematic
Automobile and Auto Components,,13.14%,Thematic
Consumer Durables,,9.72%,Thematic
Capital Goods,,5.30%,Thematic
Fast Moving Consumer Goods,,27.71%,Thematic
Financial Services,,21.89%,Thematic
Automobile and Auto Components,,11.66%,Thematic
Consumer Services,,11.47%,Thematic
Consumer Durables,,8.40%,Thematic
Financial Services,,24.42%,Thematic
Fast Moving Consumer Goods,,16.84%,Thematic
Capital Goods,,15.15%,Thematic
Healthcare,,14.67%,Thematic
Information Technology,,9.27%,Thematic
Capital Goods,,24.65%,Thematic
Fast Moving Consumer Goods,,15.80%,Thematic
Metals & Mining,,11.32%,Thematic
Automobile and Auto Components,,10.95%,Thematic
Consumer Durables,,9.93%,Thematic
Fast Moving Consumer Goods,,18.85%,Thematic
Healthcare,,16.15%,Thematic
Capital Goods,,15.07%,Thematic
Automobile and Auto Components,,13.20%,Thematic
Financial Services,,10.07%,Thematic
Financial Services,,30.97%,Thematic
"Oil, Gas & Consumable Fuels",,23.00%,Thematic
Power,,14.28%,Thematic
Capital Goods,,10.08%,Thematic
Current Assets,,8.85%,Thematic
Financial Services,,27.89%,Thematic
Information Technology,,11.75%,Thematic
Automobile and Auto Components,,9.72%,Thematic
Healthcare,,8.35%,Thematic
Fast Moving Consumer Goods,,6.43%,Thematic
Automobile and Auto Components,,64.69%,Thematic
Services,,10.93%,Thematic
Current Assets,,9.96%,Thematic
Consumer Services,,6.61%,Thematic
Information Technology,,2.93%,Thematic
Financial Services,,19.36%,Thematic
Automobile and Auto Components,,12.22%,Thematic
Information Technology,,10.63%,Thematic
Capital Goods,,9.46%,Thematic
"Oil, Gas & Consumable Fuels",,7.28%,Thematic
Information Technology,,22.67%,Thematic
Financial Services,,20.90%,Thematic
Consumer Services,,11.22%,Thematic
Automobile and Auto Components,,10.22%,Thematic
Fast Moving Consumer Goods,,6.79%,Thematic
Financial Services,,25.63%,Value Fund
Information Technology,,11.67%,Value Fund
Capital Goods,,11.04%,Value Fund
Automobile and Auto Components,,7.26%,Value Fund
Healthcare,,6.59%,Value Fund
Financial Services,,23.27%,Value Fund
Automobile and Auto Components,,11.19%,Value Fund
Information Technology,,10.80%,Value Fund
Healthcare,,9.08%,Value Fund
Capital Goods,,7.75%,Value Fund
Financial Services,,27.16%,Value Fund
Automobile and Auto Components,,9.00%,Value Fund
Healthcare,,7.87%,Value Fund
Fast Moving Consumer Goods,,7.80%,Value Fund
Information Technology,,7.70%,Value Fund
Financial Services,,27.80%,Value Fund
"Oil, Gas & Consumable Fuels",,13.55%,Value Fund
Information Technology,,11.11%,Value Fund
Healthcare,,9.76%,Value Fund
Power,,9.34%,Value Fund
Financial Services,,32.36%,Value Fund
Information Technology,,9.40%,Value Fund
Healthcare,,8.64%,Value Fund
Fast Moving Consumer Goods,,8.17%,Value Fund
Capital Goods,,7.62%,Value Fund
Mutual Funds,,18.22%,Value Fund
Healthcare,,12.70%,Value Fund
Miscellaneous,,10.81%,Value Fund
Information Technology,,7.90%,Value Fund
Automobile and Auto Components,,7.17%,Value Fund
Financial Services,,37.70%,Value Fund
Information Technology,,13.21%,Value Fund
Automobile and Auto Components,,13.03%,Value Fund
Power,,8.10%,Value Fund
Construction,,6.81%,Value Fund
Financial Services,,34.03%,Value Fund
Information Technology,,10.87%,Value Fund
Fast Moving Consumer Goods,,7.26%,Value Fund
Healthcare,,6.88%,Value Fund
Capital Goods,,5.98%,Value Fund
Financial Services,,26.88%,Value Fund
Capital Goods,,12.09%,Value Fund
Information Technology,,10.05%,Value Fund
Construction,,6.18%,Value Fund
Automobile and Auto Components,,5.90%,Value Fund
Financial Services,,24.51%,Value Fund
"Oil, Gas & Consumable Fuels",,14.62%,Value Fund
Healthcare,,12.14%,Value Fund
Telecommunication,,8.92%,Value Fund
Information Technology,,7.59%,Value Fund
Financial Services,,25.41%,Value Fund
"Oil, Gas & Consumable Fuels",,7.15%,Value Fund
Capital Goods,,6.70%,Value Fund
Power,,6.52%,Value Fund
Information Technology,,6.25%,Value Fund
Financial Services,,21.95%,Value Fund
Capital Goods,,9.14%,Value Fund
Automobile and Auto Components,,7.10%,Value Fund
Information Technology,,5.93%,Value Fund
Fast Moving Consumer Goods,,5.72%,Value Fund
Financial Services,,35.79%,Value Fund
Information Technology,,11.95%,Value Fund
Fast Moving Consumer Goods,,7.66%,Value Fund
"Oil, Gas & Consumable Fuels",,6.59%,Value Fund
Automobile and Auto Components,,5.53%,Value Fund
